Date,TeaPrice_USD_kg,Price_Change,anomaly_flag,anomaly_score,is_anomaly
1961-01-01,0.8925009,-4.063201486744772,0,-0.5528056226354572,False
1961-02-01,0.8925009,0.0,0,-0.47523588433256897,False
1961-03-01,0.8925009,0.0,0,-0.4467658700516673,False
1961-04-01,0.8925009,0.0,0,-0.42820891713655795,False
1961-05-01,0.8925009,0.0,0,-0.4227454469218973,False
1961-06-01,0.8925009,0.0,0,-0.4170338320968684,False
1961-07-01,0.8925009,0.0,0,-0.4126105175242796,False
1961-08-01,0.8925009,0.0,0,-0.419064241121941,False
1961-09-01,0.8925009,0.0,0,-0.42293747473958515,False
1961-10-01,0.8925009,0.0,0,-0.4309289790412721,False
1961-11-01,0.8925009,0.0,0,-0.44298890396957374,False
1962-01-01,0.8610009,-3.5294082056387954,0,-0.5483005414881955,False
1962-02-01,0.8610009,0.0,0,-0.47083866474152597,False
1962-03-01,0.8610009,0.0,0,-0.4448012019366306,False
1962-04-01,0.8610009,0.0,0,-0.42699725922740683,False
1962-05-01,0.8610009,0.0,0,-0.41958145459208634,False
1962-06-01,0.8610009,0.0,0,-0.41447339732479843,False
1962-07-01,0.8610009,0.0,0,-0.41000247064097733,False
1962-08-01,0.8610009,0.0,0,-0.41674869713756574,False
1962-09-01,0.8610009,0.0,0,-0.42054675286984966,False
1962-10-01,0.8610009,0.0,0,-0.43009698823854176,False
1962-11-01,0.8610009,0.0,0,-0.4410331970911171,False
1963-01-01,0.8148008,-5.365859664025896,0,-0.5478254326571244,False
1963-02-01,0.8148008,0.0,0,-0.46729615324285484,False
1963-03-01,0.8148008,0.0,0,-0.4419926813214867,False
1963-04-01,0.8148008,0.0,0,-0.4244883167733209,False
1963-05-01,0.8148008,0.0,0,-0.41767219938329636,False
1963-06-01,0.8148008,0.0,0,-0.41313102264864693,False
1963-07-01,0.8148008,0.0,0,-0.4086423238856572,False
1963-08-01,0.8148008,0.0,0,-0.41472957848325925,False
1963-09-01,0.8148008,0.0,0,-0.42119812124203415,False
1963-10-01,0.8148008,0.0,0,-0.42892003500489684,False
1963-11-01,0.8148008,0.0,0,-0.4375949982778757,False
1964-01-01,0.8190008,0.5154634114252099,0,-0.5365716888815742,False
1964-02-01,0.8190008,0.0,0,-0.47946546422806147,False
1964-03-01,0.8190008,0.0,0,-0.4588722239966444,False
1964-04-01,0.8190008,0.0,0,-0.44468543723599757,False
1964-05-01,0.8190008,0.0,0,-0.43849109690610993,False
1964-06-01,0.8190008,0.0,0,-0.4320828186842814,False
1964-07-01,0.8190008,0.0,0,-0.43043259292506214,False
1964-08-01,0.8190008,0.0,0,-0.4341139860016326,False
1964-09-01,0.8190008,0.0,0,-0.4379581174418552,False
1964-10-01,0.8190008,0.0,0,-0.44346375599509774,False
1964-11-01,0.8190008,0.0,0,-0.44770284023327195,False
1965-01-01,0.8463009,3.3333422873335516,0,-0.5388853136535899,False
1965-02-01,0.8463009,0.0,0,-0.4710787087376427,False
1965-03-01,0.8463009,0.0,0,-0.45013779088565975,False
1965-04-01,0.8463009,0.0,0,-0.4361054554516358,False
1965-05-01,0.8463009,0.0,0,-0.42911145301249976,False
1965-06-01,0.8463009,0.0,0,-0.42229882424815873,False
1965-07-01,0.8463009,0.0,0,-0.4205608413399363,False
1965-08-01,0.8463009,0.0,0,-0.42305059989011,False
1965-09-01,0.8463009,0.0,0,-0.42661448351107495,False
1965-10-01,0.8463009,0.0,0,-0.4353124881861083,False
1965-11-01,0.8463009,0.0,0,-0.4427432563476312,False
1966-01-01,0.7602008,-10.17369826736566,0,-0.5561941363596778,False
1966-02-01,0.7602008,0.0,0,-0.4644643089637596,False
1966-03-01,0.7602008,0.0,0,-0.44293973934570113,False
1966-04-01,0.7602008,0.0,0,-0.4267113418797998,False
1966-05-01,0.7602008,0.0,0,-0.41890895199885825,False
1966-06-01,0.7602008,0.0,0,-0.4125659762674619,False
1966-07-01,0.7602008,0.0,0,-0.4076220684057682,False
1966-08-01,0.7602008,0.0,0,-0.4086692756971068,False
1966-09-01,0.7602008,0.0,0,-0.4149640151076228,False
1966-10-01,0.7602008,0.0,0,-0.4255339504598928,False
1966-11-01,0.7602008,0.0,0,-0.43760493568492753,False
1967-01-01,0.7308007,-3.867412399460779,0,-0.5523730112993668,False
1967-02-01,0.7308007,0.0,0,-0.47531318625721136,False
1967-03-01,0.7308007,0.0,0,-0.4505468155287245,False
1967-04-01,0.7308007,0.0,0,-0.43099406809562735,False
1967-05-01,0.7308007,0.0,0,-0.4249478465239107,False
1967-06-01,0.7308007,0.0,0,-0.42002927733921125,False
1967-07-01,0.7308007,0.0,0,-0.4151516277335836,False
1967-08-01,0.7308007,0.0,0,-0.4199462418778657,False
1967-09-01,0.7308007,0.0,0,-0.42532757857052617,False
1967-10-01,0.7308007,0.0,0,-0.43424181837378245,False
1967-11-01,0.7308007,0.0,0,-0.44602635683459135,False
1967-12-01,0.5846411,-19.999926108445155,1,-0.6172844173432921,True
1968-01-01,0.6770413,15.804602173880689,0,-0.5187822891763013,False
1968-02-01,0.6770413,0.0,0,-0.43260478131743446,False
1968-03-01,0.6770413,0.0,0,-0.42792558660094315,False
1968-04-01,0.6770413,0.0,0,-0.42314361076857715,False
1968-05-01,0.6770413,0.0,0,-0.41856007679216495,False
1968-06-01,0.6770413,0.0,0,-0.41761711330200324,False
1968-07-01,0.6770413,0.0,0,-0.416645875396862,False
1968-08-01,0.6770413,0.0,0,-0.41983511932750933,False
1968-09-01,0.6770413,0.0,0,-0.42833893875863316,False
1968-10-01,0.6770413,0.0,0,-0.44118090262785253,False
1968-11-01,0.6770413,0.0,0,-0.4510470492024284,False
1969-01-01,0.5964011,-11.91067664557538,1,-0.5927808549700497,True
1969-02-01,0.5964011,0.0,0,-0.49565101984289306,False
1969-03-01,0.5964011,0.0,0,-0.47200072027735945,False
1969-04-01,0.5964011,0.0,0,-0.4532407555950419,False
1969-05-01,0.5964011,0.0,0,-0.4451587746597805,False
1969-06-01,0.5964011,0.0,0,-0.440470730439804,False
1969-07-01,0.5964011,0.0,0,-0.436163948839833,False
1969-08-01,0.5964011,0.0,0,-0.43630366926374226,False
1969-09-01,0.5964011,0.0,0,-0.44710954164969513,False
1969-10-01,0.5964011,0.0,0,-0.45975855235224306,False
1969-11-01,0.5964011,0.0,0,-0.4706841797040611,False
1970-01-01,0.6266412,5.070429950581912,1,-0.5706993383463563,True
1970-02-01,0.6266412,0.0,0,-0.5002023725083905,False
1970-03-01,0.6266412,0.0,0,-0.4762445276641501,False
1970-04-01,0.6266412,0.0,0,-0.4639182808628062,False
1970-05-01,0.6266412,0.0,0,-0.4550419213407072,False
1970-06-01,0.6266412,0.0,0,-0.4499291393686704,False
1970-07-01,0.6266412,0.0,0,-0.445506426879412,False
1970-08-01,0.6266412,0.0,0,-0.4481492876901641,False
1970-09-01,0.6266412,0.0,0,-0.45360338441309433,False
1970-10-01,0.6266412,0.0,0,-0.45775153425142623,False
1970-11-01,0.6266412,0.0,0,-0.46744828210541706,False
1971-01-01,0.6383995,1.8764007218165624,0,-0.5547463145653244,False
1971-02-01,0.6695995,4.8872218728241545,0,-0.539590919799794,False
1971-03-01,0.7031994,5.017909959610178,0,-0.5242765667994157,False
1971-04-01,0.6455995,-8.191119048167561,0,-0.46780581759214074,False
1971-05-01,0.6551995,1.4869899992177915,0,-0.44224752182624233,False
1971-06-01,0.6359995,-2.9304051666706132,0,-0.44166518781237196,False
1971-07-01,0.6335995,-0.37735878723176297,0,-0.4308111376795994,False
1971-08-01,0.7128694,12.511042069951127,0,-0.5110340819234813,False
1971-09-01,0.7260927,1.8549400493274248,0,-0.4689334045894017,False
1971-10-01,0.7049534,-2.911377569282836,0,-0.4586362532770752,False
1971-11-01,0.6930543,-1.687927173625936,0,-0.45685724664388666,False
1971-12-01,0.7022277,1.3236192315666973,0,-0.47460053268659436,False
1972-01-01,0.7460141,6.235356423564609,0,-0.4882356274908098,False
1972-02-01,0.782494,4.889974599675795,0,-0.47255493625572687,False
1972-03-01,0.8244459,5.3613062847766235,0,-0.47069593952316263,False
1972-04-01,0.809854,-1.7699038833233316,0,-0.43804683067308037,False
1972-05-01,0.802558,-0.9009031257485867,0,-0.42842329132245066,False
1972-06-01,0.7350701,-8.409099404653631,0,-0.4335761474962576,False
1972-07-01,0.5455723,-25.77955490231475,1,-0.5753564517084332,True
1972-08-01,0.6359375,16.563377576170947,0,-0.48730376744991827,False
1972-09-01,0.69375,9.090909090909083,0,-0.4471159361146119,False
1972-10-01,0.632931,-8.7667027027027,0,-0.47515629294711637,False
1972-11-01,0.5837871,-7.764495655924586,0,-0.4937905892497512,False
1972-12-01,0.6031651,3.3193607738163378,0,-0.4878887092799462,False
1973-01-01,0.6023916,-0.12824017835249002,0,-0.4741394148854744,False
1973-02-01,0.6574131,9.133842503779931,0,-0.47642106254492617,False
1973-03-01,0.6958561,5.847616970212499,0,-0.45774409324833754,False
1973-04-01,0.6926475,-0.4611010810999572,0,-0.4347508819365016,False
1973-05-01,0.6361446,-8.157526014314643,0,-0.4568477760744875,False
1973-06-01,0.6047198,-4.939883164928216,0,-0.44997846447931644,False
1973-07-01,0.6309969,4.345334814570312,0,-0.44443548544722883,False
1973-08-01,0.7366071,16.73703943711926,0,-0.5209554196861185,False
1973-09-01,0.7370892,0.06544873108065286,0,-0.45319217418393504,False
1973-10-01,0.6696567,-9.148485692098053,0,-0.46993074616573605,False
1973-11-01,0.6302457,-5.885254340022284,0,-0.4673403122522267,False
1973-12-01,0.6453541,2.397223812871707,0,-0.46738091279953087,False
1974-01-01,0.6764275,4.814938031694527,0,-0.47623047150737113,False
1974-02-01,0.6921172,2.319494698249258,0,-0.45089087533101996,False
1974-03-01,0.8626103,24.633559171770347,1,-0.568443499096423,True
1974-04-01,0.8622277,-0.0443537481525591,0,-0.4540032313351544,False
1974-05-01,0.8406738,-2.4997921082795194,0,-0.435924741013539,False
1974-06-01,0.9076923,7.971998175749029,0,-0.4605372743922946,False
1974-07-01,0.9263513,2.0556525597936526,0,-0.4389670666464696,False
1974-08-01,0.9663738,4.320445170207021,0,-0.4432027048304734,False
1974-09-01,0.9606205,-0.5953493358367035,0,-0.4297608982006296,False
1974-10-01,0.9605361,-0.00878598780683637,0,-0.43219490012379086,False
1974-11-01,0.9980577,3.90631856522623,0,-0.4451479553345721,False
1974-12-01,1.024951,2.694563650979287,0,-0.4587835146179444,False
1975-01-01,1.018491,-0.6302740326122769,0,-0.4522011644894015,False
1975-02-01,1.064124,4.48045196275666,0,-0.45170768265246536,False
1975-03-01,1.032988,-2.925974792411412,0,-0.43540495707440313,False
1975-04-01,0.9577421,-7.284295654935002,0,-0.42970962865323453,False
1975-05-01,0.9003745,-5.989879739023696,0,-0.4410760800215393,False
1975-06-01,0.8458949,-6.05077109580513,0,-0.44751282428683864,False
1975-07-01,0.8252288,-2.4431049294658225,0,-0.43465449003395557,False
1975-08-01,0.8585998,4.043848203068046,0,-0.42606392200950965,False
1975-09-01,0.7955002,-7.349128196861921,0,-0.4489149732204051,False
1975-10-01,0.7523885,-5.419445526223621,0,-0.4645692974787257,False
1975-11-01,0.7567781,0.5834219954185871,0,-0.45015934049892525,False
1975-12-01,0.7688305,1.5925936545996722,0,-0.4626550352896753,False
1976-01-01,0.8582912,11.635945764378498,0,-0.4942398430586458,False
1976-02-01,0.8180993,-4.682781321770523,0,-0.4440255151639642,False
1976-03-01,0.8459291,3.401763086705989,0,-0.431118292666757,False
1976-04-01,0.8870181,4.8572628604454104,0,-0.4375882388609113,False
1976-05-01,0.8645025,-2.538347300917543,0,-0.4264688988960343,False
1976-06-01,0.8578686,-0.7673662019485161,0,-0.41512416917213535,False
1976-07-01,0.9470046,10.390402446248759,0,-0.4825343908241011,False
1976-08-01,1.031106,8.88078051574408,0,-0.4737333820808251,False
1976-09-01,1.005054,-2.5266073517174914,0,-0.436725870591318,False
1976-10-01,1.023298,1.8152258485613748,0,-0.4415288851139205,False
1976-11-01,0.983945,-3.845702815797558,0,-0.43709093239069474,False
1976-12-01,1.008692,2.515079603026593,0,-0.45751635921377876,False
1977-01-01,1.155074,14.512061164359391,0,-0.5319168761139882,False
1977-02-01,1.695557,46.792067001767855,1,-0.6366685150708262,True
1977-03-01,2.423106,42.90914431068966,1,-0.6535819559368727,True
1977-04-01,3.55888,46.872650226609956,1,-0.7023328837508239,True
1977-05-01,2.2605,-36.48282605763611,1,-0.642461912008364,True
1977-06-01,1.631897,-27.8081397920814,1,-0.6007186066333495,True
1977-07-01,1.618172,-0.8410457277634564,0,-0.5433313788444474,False
1977-08-01,1.550663,-4.171929807214559,0,-0.5401356753118901,False
1977-09-01,1.349386,-12.980060786902115,0,-0.5476951353685574,False
1977-10-01,1.358385,0.6668959067309022,0,-0.52975961292057,False
1977-11-01,0.9689543,-28.668654321123977,1,-0.6026311267281977,True
1977-12-01,0.7794351,-19.559147423155043,1,-0.610672446002132,True
1978-01-01,0.7810781,0.21079368891649963,1,-0.589183988339996,True
1978-02-01,0.9166232,17.3535911453669,1,-0.6126144179947332,True
1978-03-01,0.8489283,-7.385248376868492,1,-0.5717009068784449,True
1978-04-01,0.7104277,-16.31475826639305,0,-0.5444766768638285,False
1978-05-01,0.6708622,-5.569250748527965,0,-0.48938858740278074,False
1978-06-01,0.617284,-7.986468756176734,0,-0.4991903528981938,False
1978-07-01,0.6606127,7.0192488384601015,0,-0.4896878116809293,False
1978-08-01,0.734315,11.15665805395507,0,-0.4840341892350306,False
1978-09-01,0.7284557,-0.7979273200193426,0,-0.451046776789668,False
1978-10-01,0.8175819,12.234951281182905,0,-0.4678005651975485,False
1978-11-01,0.7581204,-7.272849362247369,0,-0.45098098746099274,False
1978-12-01,0.7035919,-7.192591044905261,0,-0.47545724677236806,False
1979-01-01,0.7077935,0.5971643505276125,0,-0.4551683821840608,False
1979-02-01,0.6953493,-1.7581681662801385,0,-0.43869348021349497,False
1979-03-01,0.6664514,-4.1558825183256705,0,-0.444672081494963,False
1979-04-01,0.6247182,-6.262002000445943,0,-0.452896548216067,False
1979-05-01,0.5221966,-16.410855326449592,0,-0.5396493691349986,False
1979-06-01,0.4341979,-16.851641699697005,0,-0.5532008528752068,False
1979-07-01,0.6540679,50.63819977019695,1,-0.5618967846095734,True
1979-08-01,0.9279077,41.867182291012895,1,-0.5742725445554182,True
1979-09-01,0.9617354,3.645588887774087,0,-0.4609067346632431,False
1979-10-01,0.9641627,0.2523875070003623,0,-0.46276372744059235,False
1979-11-01,0.9223581,-4.335844977201475,0,-0.47474022580754716,False
1979-12-01,1.313053,42.35826627423776,1,-0.615389056724412,True
1980-01-01,1.185947,-9.680188080755304,0,-0.5263858633059516,False
1980-02-01,1.174774,-0.94211630030685,0,-0.4841398076383297,False
1980-03-01,1.141416,-2.8395248788277594,0,-0.4712420348696396,False
1980-04-01,1.129668,-1.0292478815786765,0,-0.4609804190407049,False
1980-05-01,1.145053,1.3619045595697266,0,-0.4447753843089451,False
1980-06-01,1.142911,-0.18706557687723224,0,-0.4239212175855733,False
1980-07-01,1.139642,-0.2860240211180032,0,-0.41385217114238204,False
1980-08-01,1.108826,-2.704007047827295,0,-0.4159804674307099,False
1980-09-01,1.080715,-2.535203900341443,0,-0.41608700808748655,False
1980-10-01,1.052541,-2.606977787853426,0,-0.429050374950072,False
1980-11-01,1.020829,-3.0128992599813165,0,-0.45748274116832577,False
1980-12-01,1.014052,-0.663872205824878,0,-0.47766749303960204,False
1981-01-01,1.088045,7.296765846327413,0,-0.4748368182769434,False
1981-02-01,1.22602,12.681001245352919,0,-0.5019861012467525,False
1981-03-01,1.224591,-0.11655601050555298,0,-0.44225302052803733,False
1981-04-01,1.085859,-11.328843671070587,0,-0.4539301782300145,False
1981-05-01,0.9864128,-9.158297716370168,0,-0.4476065162806885,False
1981-06-01,0.8991826,-8.843173973411533,0,-0.4428252204544041,False
1981-07-01,0.845695,-5.94846919858103,0,-0.436956061023035,False
1981-08-01,0.8233915,-2.6372983167690434,0,-0.4357674249742486,False
1981-09-01,1.031127,25.22924999833005,0,-0.49893687888401855,False
1981-10-01,0.737933,-28.434324772797137,0,-0.5411773346937413,False
1981-11-01,0.8342879,13.057404940556939,0,-0.4852424149073977,False
1981-12-01,0.8967299,7.484466693092395,0,-0.4730838458327873,False
1982-01-01,0.9501384,5.955918275949101,0,-0.4775580023704133,False
1982-02-01,0.9857177,3.7446439381883634,0,-0.43938741037831686,False
1982-03-01,1.02176,3.6564525522875257,0,-0.4345246089360005,False
1982-04-01,1.054616,3.2156279361102325,0,-0.43384275406041356,False
1982-05-01,1.06383,0.8736829329348383,0,-0.42602121749321586,False
1982-06-01,0.9898171,-6.9572112085577675,0,-0.4251480416402348,False
1982-07-01,1.092933,10.417672113363153,0,-0.4540293376353342,False
1982-08-01,1.272562,16.43549970583742,0,-0.498259541843823,False
1982-09-01,1.468605,15.405379069939219,0,-0.5126305055333342,False
1982-10-01,1.300871,-11.421314785119197,0,-0.47848678703947045,False
1982-11-01,1.30137,0.038358914911618136,0,-0.43753808502577174,False
1982-12-01,1.237425,-4.913667903824425,0,-0.46082539489407626,False
1983-01-01,1.3767,11.255227589550888,0,-0.47875456404751926,False
1983-02-01,1.500712,9.007917483838156,0,-0.45783020175656913,False
1983-03-01,1.703072,13.484266135007905,0,-0.4968555542605602,False
1983-04-01,1.783179,4.703676650194488,0,-0.46838547525635615,False
1983-05-01,1.954458,9.60526116559246,0,-0.49213957260047236,False
1983-06-01,2.014835,3.089194037426246,0,-0.4713353845998509,False
1983-07-01,1.654375,-17.890298709323606,0,-0.48427085649894236,False
1983-08-01,1.844296,11.479924442765398,0,-0.4608938021524855,False
1983-09-01,1.908979,3.507191904119522,0,-0.43992484669327436,False
1983-10-01,1.926339,0.9093866407121398,0,-0.44115484899049817,False
1983-11-01,2.22665,15.58972745710905,0,-0.5211568442643012,False
1983-12-01,2.392263,7.437765252733919,0,-0.5155491523637745,False
1984-01-01,2.841424,18.775569408547476,1,-0.5934656725376346,True
1984-02-01,2.645103,-6.9092469128155365,0,-0.5245492984076451,False
1984-03-01,2.665368,0.7661327366079718,0,-0.4939695666987514,False
1984-04-01,2.726983,2.3116882921982995,0,-0.49282072567550284,False
1984-05-01,2.527433,-7.317610707510836,0,-0.49791454567613436,False
1984-06-01,2.196615,-13.089090788954639,0,-0.5104151908895677,False
1984-07-01,2.136993,-2.714267179273566,0,-0.4689794605318387,False
1984-08-01,2.26003,5.757482593532126,0,-0.474495303368233,False
1984-09-01,2.534094,12.126564691619146,0,-0.49235347327902956,False
1984-10-01,2.508304,-1.017720731748717,0,-0.46247354403331553,False
1984-11-01,2.511128,0.11258603422870106,0,-0.4705804230801765,False
1984-12-01,2.45067,-2.4076032762965327,0,-0.4907461427462582,False
1985-01-01,2.313555,-5.595000550869766,0,-0.49932178652145476,False
1985-02-01,2.125491,-8.12878881202307,0,-0.49685444247507404,False
1985-03-01,1.728791,-18.66392283006608,0,-0.5512522024034875,False
1985-04-01,1.606155,-7.093743546790787,0,-0.5060110275371096,False
1985-05-01,1.398642,-12.91986140814554,0,-0.530001848351931,False
1985-06-01,1.15609,-17.34196456276873,0,-0.556246506899416,False
1985-07-01,1.247392,7.897482029945757,0,-0.5302496234895866,False
1985-08-01,1.270601,1.860601959929209,0,-0.5119672897003639,False
1985-09-01,1.243525,-2.1309600732251965,0,-0.5057834093746462,False
1985-10-01,1.152513,-7.3188717556945,0,-0.5116488079634399,False
1985-11-01,1.09977,-4.576347511915269,0,-0.5115185117533735,False
1985-12-01,1.137707,3.449539449157557,0,-0.5016065984160152,False
1986-01-01,1.096164,-3.6514673813205056,0,-0.49034295149363183,False
1986-02-01,1.136248,3.656752091840265,0,-0.45047845388622376,False
1986-03-01,1.141295,0.44418119987890137,0,-0.4300958767429142,False
1986-04-01,1.050301,-7.972872920673446,0,-0.43855231171573167,False
1986-05-01,0.9781168,-6.872715535832096,0,-0.443617477830204,False
1986-06-01,0.8951004,-8.487370833421936,0,-0.44893147410610823,False
1986-07-01,0.914082,2.120611274444739,0,-0.4298851110837014,False
1986-08-01,1.055938,15.518957817788781,0,-0.4615316330011958,False
1986-09-01,1.028959,-2.554979553723802,0,-0.412963402954489,False
1986-10-01,1.091428,6.071087380546758,0,-0.4425318442227316,False
1986-11-01,1.405932,28.815826605144814,1,-0.5611354384696826,True
1986-12-01,1.508766,7.314294005684485,0,-0.4942308512584147,False
1987-01-01,1.50154,-0.4789344404632634,0,-0.4845918338890222,False
1987-02-01,1.348832,-10.170092038840128,0,-0.4801340070669412,False
1987-03-01,1.425492,5.683435742924248,0,-0.46029380379707485,False
1987-04-01,1.373472,-3.6492663585625196,0,-0.44489835856525217,False
1987-05-01,1.145697,-16.58388376319284,0,-0.47604150532387157,False
1987-06-01,1.192028,4.043913879498695,0,-0.43222115610889106,False
1987-07-01,1.317017,10.48540806088447,0,-0.43427838198591723,False
1987-08-01,1.444868,9.707619567553039,0,-0.42838595549871905,False
1987-09-01,1.358648,-5.967327119155518,0,-0.4170769641496495,False
1987-10-01,1.386792,2.0714710506326783,0,-0.41007371411339477,False
1987-11-01,1.34024,-3.3568119804556096,0,-0.4215065173043401,False
1987-12-01,1.352861,0.9416970094908272,0,-0.43238733875984897,False
1988-01-01,1.487373,9.94278052216746,0,-0.47318333553028913,False
1988-02-01,1.574425,5.852734989810893,0,-0.4479401999950686,False
1988-03-01,1.504356,-4.4504501643457095,0,-0.42598321695897,False
1988-04-01,1.479805,-1.631994022691441,0,-0.4121163781821085,False
1988-05-01,1.343664,-9.199928368940501,0,-0.422512961530047,False
1988-06-01,1.335542,-0.6044665928386816,0,-0.4093503827113901,False
1988-07-01,1.235329,-7.503545377082865,0,-0.4346647456248786,False
1988-08-01,1.229864,-0.4423922695897087,0,-0.4231620976648978,False
1988-09-01,1.206661,-1.8866313673707058,0,-0.42927702976711885,False
1988-10-01,1.290978,6.987629499917536,0,-0.43412945681537957,False
1988-11-01,1.338671,3.694330964586534,0,-0.42588892786684246,False
1988-12-01,1.315231,-1.7509903478898026,0,-0.43533417010799164,False
1989-01-01,1.264194,-3.880459022027305,0,-0.4525440487285297,False
1989-02-01,1.345096,6.399492482957525,0,-0.42742369111817013,False
1989-03-01,1.445718,7.480655655804491,0,-0.4446201212561504,False
1989-04-01,1.474706,2.005093662802837,0,-0.442566080902756,False
1989-05-01,1.529357,3.705891208145884,0,-0.4460134775723322,False
1989-06-01,1.408907,-7.875858939410496,0,-0.41929609415346336,False
1989-07-01,1.343868,-4.616273465885246,0,-0.4071582365706641,False
1989-08-01,1.400408,4.207258450978824,0,-0.41007701353351095,False
1989-09-01,1.792773,28.01790621019016,1,-0.5717042118997715,True
1989-10-01,1.8325,2.215952605265703,0,-0.4551903906167938,False
1989-11-01,1.73075,-5.5525238744884025,0,-0.44530973018086495,False
1989-12-01,1.78325,3.0333670374115274,0,-0.45239322464495707,False
1990-01-01,1.891,6.0423384270293035,0,-0.4726691369608902,False
1990-02-01,2.013,6.451612903225801,0,-0.47211967074231037,False
1990-03-01,3.01675,49.86338797814209,1,-0.6666549506786246,True
1990-04-01,1.889,-37.38294522250767,0,-0.5546118480599689,False
1990-05-01,1.79,-5.240868184224457,0,-0.46813459899944343,False
1990-06-01,1.6005,-10.586592178770948,0,-0.4731781738803326,False
1990-07-01,1.5945,-0.37488284910965897,0,-0.4490784429802446,False
1990-08-01,1.738076,9.004452806522423,0,-0.4623031060527717,False
1990-09-01,1.79421,3.2296631447646718,0,-0.45287002440235463,False
1990-10-01,1.821184,1.503391464767212,0,-0.4543055723293785,False
1990-11-01,1.69526,-6.91440293786899,0,-0.47455688648311284,False
1990-12-01,1.683902,-0.6699857249035546,0,-0.48506608706971177,False
1991-01-01,1.678834,-0.3009676335083644,0,-0.4993230859766944,False
1991-02-01,1.642343,-2.173591909622974,0,-0.48208253430850867,False
1991-03-01,1.740283,5.963431512174977,0,-0.43455892743911345,False
1991-04-01,1.634483,-6.0794709825930715,0,-0.4374305358047165,False
1991-05-01,1.586256,-2.9505966106713744,0,-0.42879349260599675,False
1991-06-01,1.515269,-4.475128856880617,0,-0.43632443434050117,False
1991-07-01,1.230142,-18.816922935795553,0,-0.5346285674274049,False
1991-08-01,1.232421,0.18526316474032356,0,-0.44552641740243815,False
1991-09-01,1.236162,0.3035488684467458,0,-0.44938147106571946,False
1991-10-01,1.249466,1.0762343446894418,0,-0.4438587019785854,False
1991-11-01,1.209253,-3.2184149068482104,0,-0.45663428173995474,False
1991-12-01,1.202926,-0.52321557192746,0,-0.4702236116183793,False
1992-01-01,1.267087,5.333744552865283,0,-0.4714518636408118,False
1992-02-01,1.229947,-2.9311325899484597,0,-0.4413636936468035,False
1992-03-01,1.341158,9.04193432725151,0,-0.43998560710443896,False
1992-04-01,1.54378,15.107988767915481,0,-0.46715696273616797,False
1992-05-01,1.572503,1.860563033592877,0,-0.43488011099878965,False
1992-06-01,1.402295,-10.824017505848948,0,-0.4307278957721364,False
1992-07-01,1.307172,-6.783380101904379,0,-0.41020003860258797,False
1992-08-01,1.58783,21.470625135789323,0,-0.4844018095354665,False
1992-09-01,1.541156,-2.9394834459608443,0,-0.42571916177826696,False
1992-10-01,1.600387,3.8432838726254914,0,-0.4259064498634743,False
1992-11-01,1.536286,-4.005343707490749,0,-0.4301686790166203,False
1992-12-01,1.402072,-8.736263950852907,0,-0.4506264790701405,False
1993-01-01,1.503645,7.244492436907657,0,-0.44917300202710847,False
1993-02-01,1.590484,5.77523285083914,0,-0.42920143726586163,False
1993-03-01,1.545754,-2.812351460310192,0,-0.41415668543153084,False
1993-04-01,1.491452,-3.512978132354827,0,-0.412160240255221,False
1993-05-01,1.320317,-11.474388716499096,0,-0.4467570108254759,False
1993-06-01,1.348695,2.1493323194354153,0,-0.41448060557176347,False
1993-07-01,1.327859,-1.5449008115252183,0,-0.4162060057625039,False
1993-08-01,1.386884,4.4451255743267915,0,-0.41418819644103655,False
1993-09-01,1.524164,9.898448608535393,0,-0.4333671447871762,False
1993-10-01,1.486562,-2.4670573507837856,0,-0.41870781910114757,False
1993-11-01,1.40598,-5.420695537757592,0,-0.43085890819952183,False
1993-12-01,1.376271,-2.113045704775318,0,-0.4458846856327951,False
1994-01-01,1.383476,0.5235160807718797,0,-0.44635773871886625,False
1994-02-01,1.4139,2.1990985026122623,0,-0.42680506679028496,False
1994-03-01,1.399083,-1.0479524718862598,0,-0.4210010482266056,False
1994-04-01,1.27765,-8.67947076763853,0,-0.4447340191583377,False
1994-05-01,1.178077,-7.793448910108392,0,-0.4526912087998841,False
1994-06-01,1.224481,3.9389615449584303,0,-0.42897427448028635,False
1994-07-01,1.216221,-0.6745715123386953,0,-0.4111489561747024,False
1994-08-01,1.349189,10.932881441777443,0,-0.4199779202100918,False
1994-09-01,1.421099,5.329868535838922,0,-0.41909599337139775,False
1994-10-01,1.430328,0.6494269575870515,0,-0.41607743119880236,False
1994-11-01,1.349938,-5.620389169477214,0,-0.42495806791354596,False
1994-12-01,1.327972,-1.627185841127532,0,-0.4323578599894305,False
1995-01-01,1.364262,2.7327383408686456,0,-0.43886382672682483,False
1995-02-01,1.377246,0.9517233493273158,0,-0.41846794873909915,False
1995-03-01,1.363096,-1.0274126771832925,0,-0.4165077640826331,False
1995-04-01,1.361928,-0.08568728834946748,0,-0.409310704712086,False
1995-05-01,1.308731,-3.9060067786255925,0,-0.41881327533307083,False
1995-06-01,1.204146,-7.991329004967418,0,-0.4412513658151258,False
1995-07-01,1.222782,1.547652859370885,0,-0.427832512169875,False
1995-08-01,1.398069,14.335098161405702,0,-0.45187694525580585,False
1995-09-01,1.566794,12.068431529488176,0,-0.4777678764391397,False
1995-10-01,1.616761,3.1891237775993453,0,-0.44872547683865505,False
1995-11-01,1.802234,11.471887310493024,0,-0.49527793087774097,False
1995-12-01,1.479748,-17.893680842776238,0,-0.4911680462586111,False
1996-01-01,1.715647,15.941836042353152,0,-0.5071675721615919,False
1996-02-01,1.783177,3.9361243892245934,0,-0.4446180354832996,False
1996-03-01,1.921497,7.756941683298968,0,-0.4749506404816928,False
1996-04-01,1.931025,0.4958633815197233,0,-0.4497849162224424,False
1996-05-01,1.839466,-4.741471498297534,0,-0.43998935770663156,False
1996-06-01,1.741527,-5.324316948505703,0,-0.42775981591003875,False
1996-07-01,1.855392,6.538227658830431,0,-0.42730174823364875,False
1996-08-01,1.954701,5.352453821079317,0,-0.4323546686739228,False
1996-09-01,2.104617,7.669510579878969,0,-0.4600886087501492,False
1996-10-01,2.141606,1.757516925882463,0,-0.4470577595773299,False
1996-11-01,1.856011,-13.3355528514582,0,-0.4690957001655715,False
1996-12-01,1.824765,-1.683502953376903,0,-0.45302218763228547,False
1997-01-01,1.765621,-3.241184481289361,0,-0.4627254494489718,False
1997-02-01,1.817979,2.965415567667118,0,-0.44014019796998294,False
1997-03-01,1.784457,-1.8439156887950836,0,-0.4280845123160769,False
1997-04-01,1.917767,7.470619914069099,0,-0.43883098436895607,False
1997-05-01,1.982243,3.362035116883333,0,-0.4269283707096876,False
1997-06-01,2.019573,1.8832201702818407,0,-0.42289671653589445,False
1997-07-01,1.953914,-3.251132788960831,0,-0.42107096288188456,False
1997-08-01,2.09584,7.2636769069672535,0,-0.44273166653672646,False
1997-09-01,2.177891,3.9149457973891133,0,-0.4517443742534883,False
1997-10-01,2.238921,2.8022522706600217,0,-0.46473094408112664,False
1997-11-01,2.225626,-0.5938128232304662,0,-0.45390552897980596,False
1997-12-01,2.261597,1.616219436688815,0,-0.47303099715625774,False
1998-01-01,2.377544,5.126775459995736,0,-0.4961135874494044,False
1998-02-01,2.363436,-0.5933854431295349,0,-0.46557732424362086,False
1998-03-01,2.338199,-1.067809748180204,0,-0.4554384487378495,False
1998-04-01,2.200361,-5.895049993606182,0,-0.4542487892131044,False
1998-05-01,2.214567,0.6456213321359705,0,-0.44112647697001334,False
1998-06-01,2.043,-7.747202952089505,0,-0.4549177529338108,False
1998-07-01,1.9787,-3.1473323543808274,0,-0.4616168892261628,False
1998-08-01,2.0287,2.526911608631943,0,-0.45006440251697916,False
1998-09-01,1.9104,-5.831320550105978,0,-0.4803691476037927,False
1998-10-01,1.8387,-3.753140703517588,0,-0.48048304013050946,False
1998-11-01,1.8761,2.0340457932234823,0,-0.4672156417429791,False
1998-12-01,1.726,-8.00063962475348,0,-0.5067105591963171,False
1999-01-01,1.7988,4.217844727694087,0,-0.4830375389437419,False
1999-02-01,1.5386,-14.46519902156993,0,-0.5182889815644527,False
1999-03-01,1.4709,-4.400103990640836,0,-0.47098739110895654,False
1999-04-01,1.4741,0.21755387857773645,0,-0.45270968080927865,False
1999-05-01,1.458,-1.0921918458720592,0,-0.44081191429523003,False
1999-06-01,1.4434,-1.001371742112478,0,-0.4350719417722103,False
1999-07-01,1.6031,11.064154080642918,0,-0.44057600227821464,False
1999-08-01,1.678,4.672197617116836,0,-0.4142943652175408,False
1999-09-01,1.8387,9.576877234803337,0,-0.4407278600986918,False
1999-10-01,1.8664,1.506499157013108,0,-0.4266793005844914,False
1999-11-01,1.8396,-1.4359194170595835,0,-0.43464463483394195,False
1999-12-01,1.7823,-3.1148075668623543,0,-0.4456314677061445,False
2000-01-01,1.8273,2.5248274701228812,0,-0.4467965953613884,False
2000-02-01,1.808,-1.0562031412466366,0,-0.4307404883568468,False
2000-03-01,1.8245,0.9126106194690342,0,-0.4212358071655107,False
2000-04-01,1.8111,-0.7344477939161487,0,-0.41651290351858583,False
2000-05-01,1.7102,-5.571199823311801,0,-0.42007274202158346,False
2000-06-01,1.5749,-7.911355397029585,0,-0.44615082000906336,False
2000-07-01,1.6748,6.343259889516806,0,-0.43331350199290275,False
2000-08-01,1.7564,4.872223549080479,0,-0.4203104024680748,False
2000-09-01,1.8756,6.786608972899111,0,-0.4391175910748731,False
2000-10-01,1.9144,2.0686713584986194,0,-0.4370046706237214,False
2000-11-01,1.8724,-2.1938988717091545,0,-0.4375293366722049,False
2000-12-01,1.8705,-0.10147404400768778,0,-0.4512568022878898,False
2001-01-01,1.8511,-1.0371558406843118,0,-0.44993775818704124,False
2001-02-01,1.7851,-3.56544757171412,0,-0.43755614189927566,False
2001-03-01,1.7584,-1.4957145257968762,0,-0.4258635550375866,False
2001-04-01,1.6529,-5.999772520473156,0,-0.43219983876935764,False
2001-05-01,1.4877,-9.994555024502393,0,-0.4619113166536457,False
2001-06-01,1.4448,-2.883645896350062,0,-0.4432026564251138,False
2001-07-01,1.4357,-0.6298449612403223,0,-0.43622954760674537,False
2001-08-01,1.518,5.732395347217389,0,-0.4318812178956408,False
2001-09-01,1.5812,4.1633728590250385,0,-0.42974858328720134,False
2001-10-01,1.6074,1.6569693903364602,0,-0.42192998016701455,False
2001-11-01,1.6679,3.763842229687686,0,-0.42750192588776253,False
2001-12-01,1.6091,-3.525391210504225,0,-0.4388315403332858,False
2002-01-01,1.6557,2.896028835995268,0,-0.4375825457795195,False
2002-02-01,1.7024,2.8205592800628176,0,-0.42888736682518885,False
2002-03-01,1.7,-0.14097744360902498,0,-0.4244542973706569,False
2002-04-01,1.5977,-6.017647058823528,0,-0.418737920080994,False
2002-05-01,1.4779,-7.498278775740119,0,-0.42342303187765573,False
2002-06-01,1.4256,-3.5388050612355393,0,-0.4258289464105367,False
2002-07-01,1.3913,-2.4060044893378207,0,-0.4265394265703655,False
2002-08-01,1.5012,7.899087184647469,0,-0.41895431439410236,False
2002-09-01,1.6097,7.227551292299483,0,-0.4200395306979671,False
2002-10-01,1.6113,0.09939740324285129,0,-0.4132626186047557,False
2002-11-01,1.5367,-4.629802023211072,0,-0.4315879146961349,False
2002-12-01,1.5347,-0.13014902062862266,0,-0.4407347856761711,False
2003-01-01,1.59268,3.7779370561021874,0,-0.44136427220524876,False
2003-02-01,1.48862,-6.533641409448232,0,-0.4400868637763554,False
2003-03-01,1.465689,-1.5404199862960377,0,-0.42098976224603024,False
2003-04-01,1.433609,-2.18873171593702,0,-0.42434376352599945,False
2003-05-01,1.444441,0.7555756137133773,0,-0.41594336832954465,False
2003-06-01,1.431108,-0.923056047287496,0,-0.41391563018730737,False
2003-07-01,1.4943,4.415599661241498,0,-0.4174899763038351,False
2003-08-01,1.5542,4.008565883691362,0,-0.41861297640571343,False
2003-09-01,1.610164,3.6008235748294926,0,-0.43425109039195225,False
2003-10-01,1.675595,4.063623332778521,0,-0.45906700323972593,False
2003-11-01,1.672971,-0.15660108797173056,0,-0.4374062103193648,False
2003-12-01,1.629681,-2.5876120984763107,0,-0.4460730900905492,False
2004-01-01,1.64071516848,0.677075358919943,0,-0.4418647360321572,False
2004-02-01,1.66252477272,1.3292742493631549,0,-0.4248570935093904,False
2004-03-01,1.72020568011,3.469476565791574,0,-0.43123828318802937,False
2004-04-01,1.72282557679,0.15230136199948507,0,-0.4217548646893413,False
2004-05-01,1.71572338035,-0.41224117726607057,0,-0.4141590298007268,False
2004-06-01,1.53227607219,-10.692126146965354,0,-0.44145019190325807,False
2004-07-01,1.62971663486,6.359204091122672,0,-0.4252911051096009,False
2004-08-01,1.81812905379,11.561053921879205,0,-0.48454349589698703,False
2004-09-01,1.88855828081,3.8737199030611347,0,-0.45980722214488556,False
2004-10-01,1.99650553739,5.715855193714292,0,-0.4715399319502603,False
2004-11-01,2.03555739551,1.9560105087938817,0,-0.4617090441861246,False
2004-12-01,2.00850073225,-1.3292016879347779,0,-0.45864942428439814,False
2005-01-01,1.95258635397,-2.7838863776446066,0,-0.4587237466069099,False
2005-02-01,1.91113187723,-2.123054719486006,0,-0.4385281979581986,False
2005-03-01,1.94135333809,1.581338327305959,0,-0.4274016840649677,False
2005-04-01,1.88550020958,-2.8770202422270685,0,-0.4211058364384209,False
2005-05-01,1.76026437012,-6.642048556859958,0,-0.4275389655721132,False
2005-06-01,1.64917395044,-6.3110076853073345,0,-0.4382010836403849,False
2005-07-01,1.64326527438,-0.3582809477692517,0,-0.43435585046825537,False
2005-08-01,1.75583259905,6.850222324114497,0,-0.42875144024456546,False
2005-09-01,1.88531809673,7.374592415590109,0,-0.42890973919034137,False
2005-10-01,1.96175377912,4.054259200215293,0,-0.4295812013587536,False
2005-11-01,1.87771255653,-4.283984233113037,0,-0.43620680501888587,False
2005-12-01,1.89113930006,0.7150585153891997,0,-0.44433499287084754,False
2006-01-01,1.89495973453,0.20201761286853248,0,-0.44765785732600955,False
2006-02-01,1.94633285956,2.7110404561045742,0,-0.4367112815533237,False
2006-03-01,1.9403188578,-0.30899143126832396,0,-0.42922059391251205,False
2006-04-01,1.88808507309,-2.6920206696967486,0,-0.41991718600641614,False
2006-05-01,1.7460009102,-7.5253051313767365,0,-0.4275055041286304,False
2006-06-01,1.74106319921,-0.28280116929804144,0,-0.4228878120683458,False
2006-07-01,1.83263203015,5.259362841139192,0,-0.4335517554813924,False
2006-08-01,1.89781232897,3.5566495481727856,0,-0.4292895275304805,False
2006-09-01,1.99604264885,5.175976485162392,0,-0.4493830991845754,False
2006-10-01,1.98287255601,-0.6598101923116606,0,-0.4413923740071441,False
2006-11-01,1.92753785838,-2.7906330874509777,0,-0.44586812915566154,False
2006-12-01,2.12296761576,10.138828481649064,0,-0.5148518385838342,False
2007-01-01,2.09345272302,-1.3902658015550573,0,-0.46965167507257843,False
2007-02-01,2.27756880734,8.794852747111248,0,-0.5011961467768881,False
2007-03-01,2.42113553127,6.3035076467206075,0,-0.5028751821588583,False
2007-04-01,2.34303556928,-3.2257575415050366,0,-0.4663029212729617,False
2007-05-01,2.27678142123,-2.8277056020263314,0,-0.4492390187222911,False
2007-06-01,2.31339900297,1.6083046619476349,0,-0.44819539485387266,False
2007-07-01,2.4856505459,7.445820747258014,0,-0.4677389958711946,False
2007-08-01,2.54607041236,2.4307466131818334,0,-0.4611662317618705,False
2007-09-01,2.60806537567,2.4349272906610375,0,-0.4600714435996536,False
2007-10-01,2.90050722694,11.212980088540657,0,-0.5205451259359443,False
2007-11-01,2.91316303297,0.43633078767921774,0,-0.4947588479614732,False
2007-12-01,3.08663577527,5.954790045620717,0,-0.5260544905499188,False
2008-01-01,3.05267028729,-1.1004047919139115,0,-0.5141308512436801,False
2008-02-01,3.04256443001,-0.33104974756285044,0,-0.487740688567212,False
2008-03-01,3.06109700108,0.6091102258083847,0,-0.4803199848454956,False
2008-04-01,2.91624925794,-4.731890008349793,0,-0.47586891942011594,False
2008-05-01,2.93651906909,0.6950644254708926,0,-0.46487708624513807,False
2008-06-01,3.10126106773,5.61011165819032,0,-0.4653803619997269,False
2008-07-01,3.12036180262,0.6159021918132668,0,-0.4490301670173617,False
2008-08-01,2.99641936841,-3.9720533082392095,0,-0.45233167794686485,False
2008-09-01,2.98045665267,-0.5327263569408158,0,-0.46678878813646046,False
2008-10-01,2.36712246885,-20.578530584249677,1,-0.6014459270382602,True
2008-11-01,1.97986455161,-16.359859801767595,1,-0.5941350936787955,True
2008-12-01,1.9164806479,-3.2014262621378298,1,-0.578550633047474,True
2009-01-01,2.45943677322,28.330895274885705,1,-0.6154378571177387,True
2009-02-01,2.54270987133,3.3858604952456295,0,-0.5214401286418613,False
2009-03-01,2.8473854739,11.982318785376611,0,-0.5223686015925803,False
2009-04-01,2.87293988209,0.897469219543301,0,-0.49002583623352197,False
2009-05-01,2.96466765651,3.1928191394408945,0,-0.49060252422852213,False
2009-06-01,3.13644330803,5.794094698702712,0,-0.5030424167917871,False
2009-07-01,3.46032776556,10.32648850055038,0,-0.5453576229770627,False
2009-08-01,3.45763709385,-0.07775771234100892,0,-0.5297802064494657,False
2009-09-01,3.76446018223,8.873779406339022,1,-0.5730056239189185,True
2009-10-01,3.52390338996,-6.390206845739521,0,-0.5594062285625316,False
2009-11-01,3.34950667805,-4.948964049550164,0,-0.5307858934160297,False
2009-12-01,3.26709531022,-2.460403150411916,0,-0.5144304897220572,False
2010-01-01,3.41052368679,4.390088532811776,0,-0.5100849364209301,False
2010-02-01,3.32142005883,-2.612608389295923,0,-0.4796030441053385,False
2010-03-01,3.32195930053,0.016235275588427633,0,-0.4551495893417171,False
2010-04-01,3.26639387447,-1.672670283803146,0,-0.44014720698289117,False
2010-05-01,3.21856280846,-1.4643385901450867,0,-0.44262643592792206,False
2010-06-01,3.00076145372,-6.767037578620771,0,-0.4770529534460542,False
2010-07-01,3.04464464252,1.4624017762424613,0,-0.45053536074056333,False
2010-08-01,3.26955247269,7.386997714907295,0,-0.4561341330392776,False
2010-09-01,3.34880855073,2.4240650273091413,0,-0.44935184724431015,False
2010-10-01,3.37241399687,0.7048908823066302,0,-0.45580735394590033,False
2010-11-01,3.39794202704,0.7569660840481829,0,-0.47041669624826216,False
2010-12-01,3.50276276276,3.084830020225837,0,-0.5075805233446656,False
2011-01-01,3.55880235112,1.599868222758083,0,-0.5044172805978911,False
2011-02-01,3.55939696316,0.016708206338367226,0,-0.4784576890644251,False
2011-03-01,3.57092333587,0.3238293685503102,0,-0.46678153151731255,False
2011-04-01,3.37234500539,-5.5609799427861155,0,-0.45608083475684064,False
2011-05-01,3.10029597924,-8.067057958636658,0,-0.46793300236096586,False
2011-06-01,3.11777169792,0.5636790421630566,0,-0.44366192636898577,False
2011-07-01,3.09573985429,-0.7066535258081319,0,-0.452756783301792,False
2011-08-01,3.15671145664,1.969532493678594,0,-0.44131541429212046,False
2011-09-01,3.13785456326,-0.5973587905963251,0,-0.44735394719423277,False
2011-10-01,3.23417891394,3.0697519192835365,0,-0.4554870396937443,False
2011-11-01,3.15501105003,-2.4478504750856445,0,-0.45616895852544254,False
2011-12-01,3.11060536733,-1.4074652036346502,0,-0.4807861707223881,False
2012-01-01,3.05757403868,-1.7048555630674422,0,-0.4803888148456858,False
2012-02-01,2.96994962524,-2.8658149346999506,0,-0.47010788039913265,False
2012-03-01,2.75423358245,-7.26328961800381,0,-0.5094235036893904,False
2012-04-01,3.20417831324,16.336476820885903,0,-0.5118552048842318,False
2012-05-01,3.02418604651,-5.617423536831668,0,-0.4569720995851255,False
2012-06-01,2.91231787357,-3.699116761321586,0,-0.45128073497977467,False
2012-07-01,2.98983723063,2.661775274035394,0,-0.44841154761665686,False
2012-08-01,3.06582246362,2.54145049140313,0,-0.4398186924854395,False
2012-09-01,3.18797649226,3.9843803771913544,0,-0.45964319377911367,False
2012-10-01,3.15898193463,-0.9094972218394615,0,-0.45887373134573517,False
2012-11-01,3.11612345158,-1.3567182065895467,0,-0.4590659061093035,False
2012-12-01,3.31013641601,6.226100070959251,0,-0.5079300324463706,False
2013-01-01,3.33770742452,0.8329266545223923,0,-0.4872223155725014,False
2013-02-01,3.33160514514,-0.18282846888166837,0,-0.4626988997955576,False
2013-03-01,3.48250233346,4.529263875706335,0,-0.501747304885723,False
2013-04-01,3.39119915918,-2.6217692204469123,0,-0.45874407471086864,False
2013-05-01,3.29168896974,-2.93436583252934,0,-0.44583242641045195,False
2013-06-01,3.17273419352,-3.6137915007624755,0,-0.44598966783771693,False
2013-07-01,3.17334128424,0.019134622788130606,0,-0.4439637163873193,False
2013-08-01,3.36037372753,5.893864748140154,0,-0.4624267789927563,False
2013-09-01,3.59112423802,6.86681093235455,0,-0.5038424605613953,False
2013-10-01,3.7745898512,5.108862880253784,0,-0.5243630635226352,False
2013-11-01,3.72303055611,-1.3659575509537447,0,-0.5019512908551467,False
2013-12-01,3.80675806449,2.2489073650655778,0,-0.5274830665192541,False
2014-01-01,3.89903534357,2.4240384473280807,0,-0.533091908335332,False
2014-02-01,3.6535768878,-6.2953637025833125,0,-0.5082148675380259,False
2014-03-01,3.59373803874,-1.637815513334706,0,-0.46951714391472554,False
2014-04-01,3.54786053276,-1.276595719705964,0,-0.46568025185497447,False
2014-05-01,3.66513990034,3.305636354559982,0,-0.4805368667865646,False
2014-06-01,3.57636224098,-2.422217480750577,0,-0.46168969674571286,False
2014-07-01,3.50965067179,-1.865347095592862,0,-0.46335968403131644,False
2014-08-01,3.48655913978,-0.6579438858575148,0,-0.4641744605300238,False
2014-09-01,3.36786920479,-3.4042140182222624,0,-0.49520544809252337,False
2014-10-01,3.42273249139,1.6290207031190551,0,-0.47881645546638135,False
2014-11-01,3.332729146,-2.629575802853612,0,-0.4899119412921917,False
2014-12-01,3.36962734339,1.1071465988853557,0,-0.5011028690671889,False
2015-01-01,3.24,-3.846934102202193,0,-0.5213670218205103,False
2015-02-01,3.11,-4.012345679012352,0,-0.5071472463354977,False
2015-03-01,3.08,-0.9646302250803762,0,-0.47591686709678305,False
2015-04-01,3.01,-2.272727272727282,0,-0.4614617500758005,False
2015-05-01,2.97,-1.3289036544850363,0,-0.451887138960728,False
2015-06-01,3.01,1.3468013468013407,0,-0.44262226799686766,False
2015-07-01,3.04,0.996677740863805,0,-0.4369696171214014,False
2015-08-01,2.91,-4.276315789473683,0,-0.4533273272299552,False
2015-09-01,2.65,-8.934707903780081,0,-0.5130770386538376,False
2015-10-01,2.81,6.037735849056602,0,-0.47502911824029687,False
2015-11-01,2.92,3.9145907473309594,0,-0.46493328717611493,False
2015-12-01,2.95,1.0273972602739878,0,-0.4752757167967496,False
2016-01-01,2.85,-3.3898305084745783,0,-0.4919198272337023,False
2016-02-01,2.83,-0.7017543859649145,0,-0.4711378328954969,False
2016-03-01,2.87,1.4134275618374659,0,-0.4672317241739166,False
2016-04-01,2.99,4.181184668989557,0,-0.46839784309226723,False
2016-05-01,3.08,3.0100334448160515,0,-0.4686206876181685,False
2016-06-01,2.96,-3.8961038961038974,0,-0.46150931083408697,False
2016-07-01,3.18,7.432432432432434,0,-0.4938368606993455,False
2016-08-01,3.46,8.805031446540879,0,-0.5244368784949197,False
2016-09-01,3.6,4.046242774566489,0,-0.5115402627396155,False
2016-10-01,3.88,7.777777777777772,0,-0.5464171147079023,False
2016-11-01,4.01,3.350515463917514,0,-0.5488016395710124,False
2016-12-01,3.91,-2.4937655860349017,1,-0.5640047669091323,True
2017-01-01,3.95,1.0230179028132946,0,-0.5502651551086928,False
2017-02-01,3.97,0.5063291139240533,0,-0.5270223066710189,False
2017-03-01,4.01,1.0075566750629594,0,-0.5112755174401965,False
2017-04-01,4.05,0.9975062344139696,0,-0.5107205893137909,False
2017-05-01,4.02,-0.7407407407407418,0,-0.5034684680547198,False
2017-06-01,3.95,-1.741293532338295,0,-0.49391309281080015,False
2017-07-01,3.86,-2.27848101265824,0,-0.4919748401722977,False
2017-08-01,4.13,6.994818652849744,0,-0.5443048606422646,False
2017-09-01,4.27,3.3898305084745672,1,-0.578432448308188,True
2017-10-01,4.19,-1.8735362997657878,0,-0.5427529792068521,False
2017-11-01,4.11,-1.9093078758949944,0,-0.5231954350617478,False
2017-12-01,4.11,0.0,0,-0.5404046478436907,False
2018-01-01,4.16,1.2165450121654375,0,-0.5495600937200465,False
2018-02-01,4.1,-1.4423076923077094,0,-0.5228535224208836,False
2018-03-01,3.95,-3.658536585365846,0,-0.5255971393813504,False
2018-04-01,3.88,-1.7721518987341867,0,-0.5125326458595137,False
2018-05-01,3.76,-3.0927835051546393,0,-0.5265856898727914,False
2018-06-01,3.39,-9.840425531914887,0,-0.5502412992675257,False
2018-07-01,3.41,0.5899705014749346,0,-0.5162241095816769,False
2018-08-01,3.34,-2.052785923753675,0,-0.50544247946238,False
2018-09-01,3.25,-2.6946107784431073,0,-0.5122848733084148,False
2018-10-01,3.48,7.0769230769230695,0,-0.5222507199671055,False
2018-11-01,3.36,-3.4482758620689724,0,-0.5037374090473083,False
2018-12-01,3.18,-5.357142857142849,0,-0.5384114053110168,False
2019-01-01,3.23,1.5723270440251458,0,-0.5085033077643836,False
2019-02-01,3.27,1.238390092879249,0,-0.4766431954161339,False
2019-03-01,3.38,3.3639143730886722,0,-0.4665502453424509,False
2019-04-01,3.34,-1.183431952662728,0,-0.4466414774555918,False
2019-05-01,3.09,-7.485029940119759,0,-0.5007064537090777,False
2019-06-01,2.78,-10.032362459546928,0,-0.5152330709458852,False
2019-07-01,2.84,2.158273381294973,0,-0.4720502629250803,False
2019-08-01,3.06,7.7464788732394485,0,-0.4564123431607654,False
2019-09-01,2.88,-5.882352941176472,0,-0.4703165710644202,False
2019-10-01,2.94,2.083333333333326,0,-0.4540027051513109,False
2019-11-01,3.19,8.503401360544217,0,-0.48139618749594276,False
2019-12-01,3.21,0.6269592476489061,0,-0.4735371656438662,False
2020-01-01,3.27,1.869158878504673,0,-0.4779041038161636,False
2020-02-01,3.35,2.4464831804281273,0,-0.4696573260272707,False
2020-03-01,3.08,-8.059701492537318,0,-0.4706396617299373,False
2020-04-01,3.66,18.831168831168842,1,-0.5629253802369031,True
2020-05-01,3.76,2.7322404371584508,0,-0.5162614772292278,False
2020-06-01,3.3,-12.234042553191493,0,-0.49927899849704455,False
2020-07-01,3.32,0.60606060606061,0,-0.45158466619299864,False
2020-08-01,3.37,1.506024096385561,0,-0.4471151288812893,False
2020-09-01,3.35,-0.5934718100890191,0,-0.4430149808800149,False
2020-10-01,3.51,4.776119402985057,0,-0.4702868795640512,False
2020-11-01,3.47,-1.1396011396011319,0,-0.46783296749588593,False
2020-12-01,3.41,-1.729106628242072,0,-0.48556963488439264,False
2021-01-01,3.39,-0.5865102639296182,0,-0.48305043038541023,False
2021-02-01,3.32,-2.064896755162249,0,-0.46629640149226503,False
2021-03-01,3.27,-1.5060240963855387,0,-0.45723447135022566,False
2021-04-01,3.21,-1.834862385321101,0,-0.4541672438351714,False
2021-05-01,3.08,-4.049844236760125,0,-0.4907333444091298,False
2021-06-01,2.93,-4.870129870129869,0,-0.4868310485191728,False
2021-07-01,2.99,2.0477815699658786,0,-0.45577043412193335,False
2021-08-01,2.99,0.0,0,-0.4431149160792591,False
2021-09-01,2.98,-0.33444816053512794,0,-0.4516524954600795,False
2021-10-01,3.05,2.348993288590595,0,-0.44502177547831523,False
2021-11-01,3.11,1.967213114754096,0,-0.45233421369488913,False
2021-12-01,3.19,2.5723472668810254,0,-0.4768135022900428,False
2022-01-01,3.51,10.03134796238243,0,-0.5595472582803871,False
2022-02-01,3.61,2.8490028490028463,0,-0.5184296063961918,False
2022-03-01,3.35,-7.202216066481992,0,-0.47761239625475943,False
2022-04-01,4.09,22.089552238805954,1,-0.6129106007915954,True
2022-05-01,3.71,-9.290953545232272,0,-0.5255129802786628,False
2022-06-01,3.51,-5.39083557951483,0,-0.4824467879766466,False
2022-07-01,4.01,14.245014245014254,0,-0.5477248988044301,False
2022-08-01,4.21,4.987531172069826,0,-0.541198335040694,False
2022-09-01,4.49,6.65083135391924,1,-0.5860047357804554,True
2022-10-01,4.15,-7.572383073496658,0,-0.5605132101241996,False
2022-11-01,3.8,-8.433734939759052,0,-0.5487238587327872,False
2022-12-01,4.04,6.315789473684208,1,-0.567745267274606,True
2023-01-01,4.04,0.0,0,-0.5331099907795426,False
2023-02-01,3.96,-1.980198019801982,0,-0.5199723314772824,False
2023-03-01,3.82,-3.535353535353536,0,-0.5179228849432632,False
2023-04-01,3.9,2.0942408376963373,0,-0.5079226324664029,False
2023-05-01,3.43,-12.051282051282042,0,-0.5378827442701745,False
2023-06-01,3.2340862423,-5.711771361516038,0,-0.5320744484409715,False
2023-07-01,2.47523418653,-23.46418737523598,1,-0.635340076218104,True
2023-08-01,3.57854468882,44.57398448575558,1,-0.6382259137925002,True
2023-09-01,3.63546132339,1.590496682850362,0,-0.5284422135743257,False
2023-10-01,3.49014314802,-3.997241682507946,0,-0.524391491359833,False
2023-11-01,3.42768241654,-1.7896323683867954,0,-0.5230462532191297,False
2023-12-01,3.6698974532,7.066437529078273,0,-0.5437883518955796,False
2024-01-01,4.00845378204,9.22522585868968,1,-0.56453817469683,True
2024-02-01,4.27276008084,6.5937219978494666,1,-0.5730274059907,True
2024-03-01,4.33353850699,1.4224628811372764,1,-0.566479998592729,True
2024-04-01,4.11638954869,-5.010892552350432,0,-0.5445032327036986,False
2024-05-01,4.28304847109,4.04866741664518,1,-0.5703441156565084,True
2024-06-01,4.15887542797,-2.8991743604619757,0,-0.5510629026732887,False
2024-07-01,4.09737163209,-1.4788564107105495,0,-0.5103092100382514,False
2024-08-01,4.02134126033,-1.8555888649333552,0,-0.5085967983112036,False
2024-09-01,4.09472354291,1.824821069127025,0,-0.521606797034991,False
2024-10-01,4.05631948707,-0.9378912993160848,0,-0.5206390516432333,False
2024-11-01,3.95781191072,-2.4284964895887606,0,-0.5316370720642878,False
2024-12-01,4.11223125193,3.9016341527434717,0,-0.5528446159726376,False
2025-01-01,4.08026995979,-0.7772250678995674,0,-0.5474666645015732,False
2025-02-01,4.00383668376,-1.87324066258433,0,-0.5323123710678194,False
2025-03-01,4.07260218398,1.71749013886906,0,-0.5346217366316752,False
2025-04-01,3.96196944826,-2.716512213129607,0,-0.5308190602438162,False
2025-05-01,3.89069340017,-1.7990054951408818,0,-0.5532821504320338,False
2025-06-01,3.74183540715,-3.826001632857934,0,-0.5537017891348209,False
2025-07-01,3.79900352089,1.527809417559145,0,-0.5194075621249061,False
2025-08-01,3.97763336985,4.702018515585693,0,-0.5034775992281676,False
2025-09-01,4.00848316281,0.775581610759768,0,-0.5019647543926292,False
2025-10-01,3.93558530305,-1.8185896459871342,0,-0.5099430615365226,False
2025-11-01,3.96468137255,0.7393073014438478,0,-0.5127753760415293,False
2025-12-01,3.95011011076,-0.3675266792152909,0,-0.5367768206160123,False
