SourceSystem,SourceRecordId,OriginalTransactionDate,TeaGrade,ItemCode,Quantity,Unit,TransactionType,SourceReferenceNumber,SupplierOrProductionReference,WarehouseCode,BinCode,UnitCost,Reason
SYNTHETIC-RESEARCH,SYN-BOP-20231002,2023-10-02T00:00:00Z,BOP,TEA-BOP,372.4,kg,ProductionReceipt,SYN-PROD-BOP-20231002,SmartTea-Synthetic-Research,WH-MAIN,BIN-01,0.0,Synthetic research data — AI model demonstration
SYNTHETIC-RESEARCH,SYN-BOP-20231003,2023-10-03T00:00:00Z,BOP,TEA-BOP,381.8,kg,ProductionReceipt,SYN-PROD-BOP-20231003,SmartTea-Synthetic-Research,WH-MAIN,BIN-01,0.0,Synthetic research data — AI model demonstration
SYNTHETIC-RESEARCH,SYN-BOP-20231004,2023-10-04T00:00:00Z,BOP,TEA-BOP,384.3,kg,ProductionReceipt,SYN-PROD-BOP-20231004,SmartTea-Synthetic-Research,WH-MAIN,BIN-01,0.0,Synthetic research data — AI model demonstration
SYNTHETIC-RESEARCH,SYN-BOP-20231005,2023-10-05T00:00:00Z,BOP,TEA-BOP,372.1,kg,ProductionReceipt,SYN-PROD-BOP-20231005,SmartTea-Synthetic-Research,WH-MAIN,BIN-01,0.0,Synthetic research data — AI model demonstration
SYNTHETIC-RESEARCH,SYN-BOP-20231006,2023-10-06T00:00:00Z,BOP,TEA-BOP,344.2,kg,ProductionReceipt,SYN-PROD-BOP-20231006,SmartTea-Synthetic-Research,WH-MAIN,BIN-01,0.0,Synthetic research data — AI model demonstration
SYNTHETIC-RESEARCH,SYN-BOP-20231007,2023-10-07T00:00:00Z,BOP,TEA-BOP,233.0,kg,ProductionReceipt,SYN-PROD-BOP-20231007,SmartTea-Synthetic-Research,WH-MAIN,BIN-01,0.0,Synthetic research data — AI model demonstration
SYNTHETIC-RESEARCH,SYN-BOP-20231008,2023-10-08T00:00:00Z,BOP,TEA-BOP,219.9,kg,ProductionReceipt,SYN-PROD-BOP-20231008,SmartTea-Synthetic-Research,WH-MAIN,BIN-01,0.0,Synthetic research data — AI model demonstration
SYNTHETIC-RESEARCH,SYN-BOP-20231009,2023-10-09T00:00:00Z,BOP,TEA-BOP,357.7,kg,ProductionReceipt,SYN-PROD-BOP-20231009,SmartTea-Synthetic-Research,WH-MAIN,BIN-01,0.0,Synthetic research data — AI model demonstration
SYNTHETIC-RESEARCH,SYN-BOP-20231010,2023-10-10T00:00:00Z,BOP,TEA-BOP,409.1,kg,ProductionReceipt,SYN-PROD-BOP-20231010,SmartTea-Synthetic-Research,WH-MAIN,BIN-01,0.0,Synthetic research data — AI model demonstration
SYNTHETIC-RESEARCH,SYN-BOP-20231011,2023-10-11T00:00:00Z,BOP,TEA-BOP,348.9,kg,ProductionReceipt,SYN-PROD-BOP-20231011,SmartTea-Synthetic-Research,WH-MAIN,BIN-01,0.0,Synthetic research data — AI model demonstration
SYNTHETIC-RESEARCH,SYN-BOP-20231012,2023-10-12T00:00:00Z,BOP,TEA-BOP,388.5,kg,ProductionReceipt,SYN-PROD-BOP-20231012,SmartTea-Synthetic-Research,WH-MAIN,BIN-01,0.0,Synthetic research data — AI model demonstration
SYNTHETIC-RESEARCH,SYN-BOP-20231013,2023-10-13T00:00:00Z,BOP,TEA-BOP,323.1,kg,ProductionReceipt,SYN-PROD-BOP-20231013,SmartTea-Synthetic-Research,WH-MAIN,BIN-01,0.0,Synthetic research data — AI model demonstration
SYNTHETIC-RESEARCH,SYN-BOP-20231014,2023-10-14T00:00:00Z,BOP,TEA-BOP,226.2,kg,ProductionReceipt,SYN-PROD-BOP-20231014,SmartTea-Synthetic-Research,WH-MAIN,BIN-01,0.0,Synthetic research data — AI model demonstration
SYNTHETIC-RESEARCH,SYN-BOP-20231015,2023-10-15T00:00:00Z,BOP,TEA-BOP,180.9,kg,ProductionReceipt,SYN-PROD-BOP-20231015,SmartTea-Synthetic-Research,WH-MAIN,BIN-01,0.0,Synthetic research data — AI model demonstration
SYNTHETIC-RESEARCH,SYN-BOP-20231016,2023-10-16T00:00:00Z,BOP,TEA-BOP,343.5,kg,ProductionReceipt,SYN-PROD-BOP-20231016,SmartTea-Synthetic-Research,WH-MAIN,BIN-01,0.0,Synthetic research data — AI model demonstration
SYNTHETIC-RESEARCH,SYN-BOP-20231017,2023-10-17T00:00:00Z,BOP,TEA-BOP,373.3,kg,ProductionReceipt,SYN-PROD-BOP-20231017,SmartTea-Synthetic-Research,WH-MAIN,BIN-01,0.0,Synthetic research data — AI model demonstration
SYNTHETIC-RESEARCH,SYN-BOP-20231018,2023-10-18T00:00:00Z,BOP,TEA-BOP,368.3,kg,ProductionReceipt,SYN-PROD-BOP-20231018,SmartTea-Synthetic-Research,WH-MAIN,BIN-01,0.0,Synthetic research data — AI model demonstration
SYNTHETIC-RESEARCH,SYN-BOP-20231019,2023-10-19T00:00:00Z,BOP,TEA-BOP,340.4,kg,ProductionReceipt,SYN-PROD-BOP-20231019,SmartTea-Synthetic-Research,WH-MAIN,BIN-01,0.0,Synthetic research data — AI model demonstration
SYNTHETIC-RESEARCH,SYN-BOP-20231020,2023-10-20T00:00:00Z,BOP,TEA-BOP,315.4,kg,ProductionReceipt,SYN-PROD-BOP-20231020,SmartTea-Synthetic-Research,WH-MAIN,BIN-01,0.0,Synthetic research data — AI model demonstration
SYNTHETIC-RESEARCH,SYN-BOP-20231021,2023-10-21T00:00:00Z,BOP,TEA-BOP,276.6,kg,ProductionReceipt,SYN-PROD-BOP-20231021,SmartTea-Synthetic-Research,WH-MAIN,BIN-01,0.0,Synthetic research data — AI model demonstration
SYNTHETIC-RESEARCH,SYN-BOP-20231022,2023-10-22T00:00:00Z,BOP,TEA-BOP,220.3,kg,ProductionReceipt,SYN-PROD-BOP-20231022,SmartTea-Synthetic-Research,WH-MAIN,BIN-01,0.0,Synthetic research data — AI model demonstration
SYNTHETIC-RESEARCH,SYN-BOP-20231023,2023-10-23T00:00:00Z,BOP,TEA-BOP,355.2,kg,ProductionReceipt,SYN-PROD-BOP-20231023,SmartTea-Synthetic-Research,WH-MAIN,BIN-01,0.0,Synthetic research data — AI model demonstration
SYNTHETIC-RESEARCH,SYN-BOP-20231024,2023-10-24T00:00:00Z,BOP,TEA-BOP,363.3,kg,ProductionReceipt,SYN-PROD-BOP-20231024,SmartTea-Synthetic-Research,WH-MAIN,BIN-01,0.0,Synthetic research data — AI model demonstration
SYNTHETIC-RESEARCH,SYN-BOP-20231025,2023-10-25T00:00:00Z,BOP,TEA-BOP,358.2,kg,ProductionReceipt,SYN-PROD-BOP-20231025,SmartTea-Synthetic-Research,WH-MAIN,BIN-01,0.0,Synthetic research data — AI model demonstration
SYNTHETIC-RESEARCH,SYN-BOP-20231026,2023-10-26T00:00:00Z,BOP,TEA-BOP,361.1,kg,ProductionReceipt,SYN-PROD-BOP-20231026,SmartTea-Synthetic-Research,WH-MAIN,BIN-01,0.0,Synthetic research data — AI model demonstration
SYNTHETIC-RESEARCH,SYN-BOP-20231027,2023-10-27T00:00:00Z,BOP,TEA-BOP,294.3,kg,ProductionReceipt,SYN-PROD-BOP-20231027,SmartTea-Synthetic-Research,WH-MAIN,BIN-01,0.0,Synthetic research data — AI model demonstration
SYNTHETIC-RESEARCH,SYN-BOP-20231028,2023-10-28T00:00:00Z,BOP,TEA-BOP,228.8,kg,ProductionReceipt,SYN-PROD-BOP-20231028,SmartTea-Synthetic-Research,WH-MAIN,BIN-01,0.0,Synthetic research data — AI model demonstration
SYNTHETIC-RESEARCH,SYN-BOP-20231029,2023-10-29T00:00:00Z,BOP,TEA-BOP,153.7,kg,ProductionReceipt,SYN-PROD-BOP-20231029,SmartTea-Synthetic-Research,WH-MAIN,BIN-01,0.0,Synthetic research data — AI model demonstration
SYNTHETIC-RESEARCH,SYN-BOP-20231030,2023-10-30T00:00:00Z,BOP,TEA-BOP,353.3,kg,ProductionReceipt,SYN-PROD-BOP-20231030,SmartTea-Synthetic-Research,WH-MAIN,BIN-01,0.0,Synthetic research data — AI model demonstration
SYNTHETIC-RESEARCH,SYN-BOP-20231031,2023-10-31T00:00:00Z,BOP,TEA-BOP,374.0,kg,ProductionReceipt,SYN-PROD-BOP-20231031,SmartTea-Synthetic-Research,WH-MAIN,BIN-01,0.0,Synthetic research data — AI model demonstration
SYNTHETIC-RESEARCH,SYN-BOP-20231101,2023-11-01T00:00:00Z,BOP,TEA-BOP,362.0,kg,ProductionReceipt,SYN-PROD-BOP-20231101,SmartTea-Synthetic-Research,WH-MAIN,BIN-01,0.0,Synthetic research data — AI model demonstration
SYNTHETIC-RESEARCH,SYN-BOP-20231102,2023-11-02T00:00:00Z,BOP,TEA-BOP,395.1,kg,ProductionReceipt,SYN-PROD-BOP-20231102,SmartTea-Synthetic-Research,WH-MAIN,BIN-01,0.0,Synthetic research data — AI model demonstration
SYNTHETIC-RESEARCH,SYN-BOP-20231103,2023-11-03T00:00:00Z,BOP,TEA-BOP,306.3,kg,ProductionReceipt,SYN-PROD-BOP-20231103,SmartTea-Synthetic-Research,WH-MAIN,BIN-01,0.0,Synthetic research data — AI model demonstration
SYNTHETIC-RESEARCH,SYN-BOP-20231104,2023-11-04T00:00:00Z,BOP,TEA-BOP,221.8,kg,ProductionReceipt,SYN-PROD-BOP-20231104,SmartTea-Synthetic-Research,WH-MAIN,BIN-01,0.0,Synthetic research data — AI model demonstration
SYNTHETIC-RESEARCH,SYN-BOP-20231105,2023-11-05T00:00:00Z,BOP,TEA-BOP,206.4,kg,ProductionReceipt,SYN-PROD-BOP-20231105,SmartTea-Synthetic-Research,WH-MAIN,BIN-01,0.0,Synthetic research data — AI model demonstration
SYNTHETIC-RESEARCH,SYN-BOP-20231106,2023-11-06T00:00:00Z,BOP,TEA-BOP,382.4,kg,ProductionReceipt,SYN-PROD-BOP-20231106,SmartTea-Synthetic-Research,WH-MAIN,BIN-01,0.0,Synthetic research data — AI model demonstration
SYNTHETIC-RESEARCH,SYN-BOP-20231107,2023-11-07T00:00:00Z,BOP,TEA-BOP,410.9,kg,ProductionReceipt,SYN-PROD-BOP-20231107,SmartTea-Synthetic-Research,WH-MAIN,BIN-01,0.0,Synthetic research data — AI model demonstration
SYNTHETIC-RESEARCH,SYN-BOP-20231108,2023-11-08T00:00:00Z,BOP,TEA-BOP,363.7,kg,ProductionReceipt,SYN-PROD-BOP-20231108,SmartTea-Synthetic-Research,WH-MAIN,BIN-01,0.0,Synthetic research data — AI model demonstration
SYNTHETIC-RESEARCH,SYN-BOP-20231109,2023-11-09T00:00:00Z,BOP,TEA-BOP,387.1,kg,ProductionReceipt,SYN-PROD-BOP-20231109,SmartTea-Synthetic-Research,WH-MAIN,BIN-01,0.0,Synthetic research data — AI model demonstration
SYNTHETIC-RESEARCH,SYN-BOP-20231110,2023-11-10T00:00:00Z,BOP,TEA-BOP,330.8,kg,ProductionReceipt,SYN-PROD-BOP-20231110,SmartTea-Synthetic-Research,WH-MAIN,BIN-01,0.0,Synthetic research data — AI model demonstration
SYNTHETIC-RESEARCH,SYN-BOP-20231111,2023-11-11T00:00:00Z,BOP,TEA-BOP,248.7,kg,ProductionReceipt,SYN-PROD-BOP-20231111,SmartTea-Synthetic-Research,WH-MAIN,BIN-01,0.0,Synthetic research data — AI model demonstration
SYNTHETIC-RESEARCH,SYN-BOP-20231112,2023-11-12T00:00:00Z,BOP,TEA-BOP,221.4,kg,ProductionReceipt,SYN-PROD-BOP-20231112,SmartTea-Synthetic-Research,WH-MAIN,BIN-01,0.0,Synthetic research data — AI model demonstration
SYNTHETIC-RESEARCH,SYN-BOP-20231113,2023-11-13T00:00:00Z,BOP,TEA-BOP,377.4,kg,ProductionReceipt,SYN-PROD-BOP-20231113,SmartTea-Synthetic-Research,WH-MAIN,BIN-01,0.0,Synthetic research data — AI model demonstration
SYNTHETIC-RESEARCH,SYN-BOP-20231114,2023-11-14T00:00:00Z,BOP,TEA-BOP,351.2,kg,ProductionReceipt,SYN-PROD-BOP-20231114,SmartTea-Synthetic-Research,WH-MAIN,BIN-01,0.0,Synthetic research data — AI model demonstration
SYNTHETIC-RESEARCH,SYN-BOP-20231115,2023-11-15T00:00:00Z,BOP,TEA-BOP,403.9,kg,ProductionReceipt,SYN-PROD-BOP-20231115,SmartTea-Synthetic-Research,WH-MAIN,BIN-01,0.0,Synthetic research data — AI model demonstration
SYNTHETIC-RESEARCH,SYN-BOP-20231116,2023-11-16T00:00:00Z,BOP,TEA-BOP,396.3,kg,ProductionReceipt,SYN-PROD-BOP-20231116,SmartTea-Synthetic-Research,WH-MAIN,BIN-01,0.0,Synthetic research data — AI model demonstration
SYNTHETIC-RESEARCH,SYN-BOP-20231117,2023-11-17T00:00:00Z,BOP,TEA-BOP,323.2,kg,ProductionReceipt,SYN-PROD-BOP-20231117,SmartTea-Synthetic-Research,WH-MAIN,BIN-01,0.0,Synthetic research data — AI model demonstration
SYNTHETIC-RESEARCH,SYN-BOP-20231118,2023-11-18T00:00:00Z,BOP,TEA-BOP,263.4,kg,ProductionReceipt,SYN-PROD-BOP-20231118,SmartTea-Synthetic-Research,WH-MAIN,BIN-01,0.0,Synthetic research data — AI model demonstration
SYNTHETIC-RESEARCH,SYN-BOP-20231119,2023-11-19T00:00:00Z,BOP,TEA-BOP,218.0,kg,ProductionReceipt,SYN-PROD-BOP-20231119,SmartTea-Synthetic-Research,WH-MAIN,BIN-01,0.0,Synthetic research data — AI model demonstration
SYNTHETIC-RESEARCH,SYN-BOP-20231120,2023-11-20T00:00:00Z,BOP,TEA-BOP,374.2,kg,ProductionReceipt,SYN-PROD-BOP-20231120,SmartTea-Synthetic-Research,WH-MAIN,BIN-01,0.0,Synthetic research data — AI model demonstration
SYNTHETIC-RESEARCH,SYN-BOP-20231121,2023-11-21T00:00:00Z,BOP,TEA-BOP,375.4,kg,ProductionReceipt,SYN-PROD-BOP-20231121,SmartTea-Synthetic-Research,WH-MAIN,BIN-01,0.0,Synthetic research data — AI model demonstration
SYNTHETIC-RESEARCH,SYN-BOP-20231122,2023-11-22T00:00:00Z,BOP,TEA-BOP,367.4,kg,ProductionReceipt,SYN-PROD-BOP-20231122,SmartTea-Synthetic-Research,WH-MAIN,BIN-01,0.0,Synthetic research data — AI model demonstration
SYNTHETIC-RESEARCH,SYN-BOP-20231123,2023-11-23T00:00:00Z,BOP,TEA-BOP,374.2,kg,ProductionReceipt,SYN-PROD-BOP-20231123,SmartTea-Synthetic-Research,WH-MAIN,BIN-01,0.0,Synthetic research data — AI model demonstration
SYNTHETIC-RESEARCH,SYN-BOP-20231124,2023-11-24T00:00:00Z,BOP,TEA-BOP,362.9,kg,ProductionReceipt,SYN-PROD-BOP-20231124,SmartTea-Synthetic-Research,WH-MAIN,BIN-01,0.0,Synthetic research data — AI model demonstration
SYNTHETIC-RESEARCH,SYN-BOP-20231125,2023-11-25T00:00:00Z,BOP,TEA-BOP,271.6,kg,ProductionReceipt,SYN-PROD-BOP-20231125,SmartTea-Synthetic-Research,WH-MAIN,BIN-01,0.0,Synthetic research data — AI model demonstration
SYNTHETIC-RESEARCH,SYN-BOP-20231126,2023-11-26T00:00:00Z,BOP,TEA-BOP,206.9,kg,ProductionReceipt,SYN-PROD-BOP-20231126,SmartTea-Synthetic-Research,WH-MAIN,BIN-01,0.0,Synthetic research data — AI model demonstration
SYNTHETIC-RESEARCH,SYN-BOP-20231127,2023-11-27T00:00:00Z,BOP,TEA-BOP,389.8,kg,ProductionReceipt,SYN-PROD-BOP-20231127,SmartTea-Synthetic-Research,WH-MAIN,BIN-01,0.0,Synthetic research data — AI model demonstration
SYNTHETIC-RESEARCH,SYN-BOP-20231128,2023-11-28T00:00:00Z,BOP,TEA-BOP,337.2,kg,ProductionReceipt,SYN-PROD-BOP-20231128,SmartTea-Synthetic-Research,WH-MAIN,BIN-01,0.0,Synthetic research data — AI model demonstration
SYNTHETIC-RESEARCH,SYN-BOP-20231129,2023-11-29T00:00:00Z,BOP,TEA-BOP,408.4,kg,ProductionReceipt,SYN-PROD-BOP-20231129,SmartTea-Synthetic-Research,WH-MAIN,BIN-01,0.0,Synthetic research data — AI model demonstration
SYNTHETIC-RESEARCH,SYN-BOP-20231130,2023-11-30T00:00:00Z,BOP,TEA-BOP,347.5,kg,ProductionReceipt,SYN-PROD-BOP-20231130,SmartTea-Synthetic-Research,WH-MAIN,BIN-01,0.0,Synthetic research data — AI model demonstration
SYNTHETIC-RESEARCH,SYN-BOP-20231201,2023-12-01T00:00:00Z,BOP,TEA-BOP,339.7,kg,ProductionReceipt,SYN-PROD-BOP-20231201,SmartTea-Synthetic-Research,WH-MAIN,BIN-01,0.0,Synthetic research data — AI model demonstration
SYNTHETIC-RESEARCH,SYN-BOP-20231202,2023-12-02T00:00:00Z,BOP,TEA-BOP,246.2,kg,ProductionReceipt,SYN-PROD-BOP-20231202,SmartTea-Synthetic-Research,WH-MAIN,BIN-01,0.0,Synthetic research data — AI model demonstration
SYNTHETIC-RESEARCH,SYN-BOP-20231203,2023-12-03T00:00:00Z,BOP,TEA-BOP,195.8,kg,ProductionReceipt,SYN-PROD-BOP-20231203,SmartTea-Synthetic-Research,WH-MAIN,BIN-01,0.0,Synthetic research data — AI model demonstration
SYNTHETIC-RESEARCH,SYN-BOP-20231204,2023-12-04T00:00:00Z,BOP,TEA-BOP,403.9,kg,ProductionReceipt,SYN-PROD-BOP-20231204,SmartTea-Synthetic-Research,WH-MAIN,BIN-01,0.0,Synthetic research data — AI model demonstration
SYNTHETIC-RESEARCH,SYN-BOP-20231205,2023-12-05T00:00:00Z,BOP,TEA-BOP,389.7,kg,ProductionReceipt,SYN-PROD-BOP-20231205,SmartTea-Synthetic-Research,WH-MAIN,BIN-01,0.0,Synthetic research data — AI model demonstration
SYNTHETIC-RESEARCH,SYN-BOP-20231206,2023-12-06T00:00:00Z,BOP,TEA-BOP,399.9,kg,ProductionReceipt,SYN-PROD-BOP-20231206,SmartTea-Synthetic-Research,WH-MAIN,BIN-01,0.0,Synthetic research data — AI model demonstration
SYNTHETIC-RESEARCH,SYN-BOP-20231207,2023-12-07T00:00:00Z,BOP,TEA-BOP,387.0,kg,ProductionReceipt,SYN-PROD-BOP-20231207,SmartTea-Synthetic-Research,WH-MAIN,BIN-01,0.0,Synthetic research data — AI model demonstration
SYNTHETIC-RESEARCH,SYN-BOP-20231208,2023-12-08T00:00:00Z,BOP,TEA-BOP,362.9,kg,ProductionReceipt,SYN-PROD-BOP-20231208,SmartTea-Synthetic-Research,WH-MAIN,BIN-01,0.0,Synthetic research data — AI model demonstration
SYNTHETIC-RESEARCH,SYN-BOP-20231209,2023-12-09T00:00:00Z,BOP,TEA-BOP,276.2,kg,ProductionReceipt,SYN-PROD-BOP-20231209,SmartTea-Synthetic-Research,WH-MAIN,BIN-01,0.0,Synthetic research data — AI model demonstration
SYNTHETIC-RESEARCH,SYN-BOP-20231210,2023-12-10T00:00:00Z,BOP,TEA-BOP,203.2,kg,ProductionReceipt,SYN-PROD-BOP-20231210,SmartTea-Synthetic-Research,WH-MAIN,BIN-01,0.0,Synthetic research data — AI model demonstration
SYNTHETIC-RESEARCH,SYN-BOP-20231211,2023-12-11T00:00:00Z,BOP,TEA-BOP,408.0,kg,ProductionReceipt,SYN-PROD-BOP-20231211,SmartTea-Synthetic-Research,WH-MAIN,BIN-01,0.0,Synthetic research data — AI model demonstration
SYNTHETIC-RESEARCH,SYN-BOP-20231212,2023-12-12T00:00:00Z,BOP,TEA-BOP,396.4,kg,ProductionReceipt,SYN-PROD-BOP-20231212,SmartTea-Synthetic-Research,WH-MAIN,BIN-01,0.0,Synthetic research data — AI model demonstration
SYNTHETIC-RESEARCH,SYN-BOP-20231213,2023-12-13T00:00:00Z,BOP,TEA-BOP,370.6,kg,ProductionReceipt,SYN-PROD-BOP-20231213,SmartTea-Synthetic-Research,WH-MAIN,BIN-01,0.0,Synthetic research data — AI model demonstration
SYNTHETIC-RESEARCH,SYN-BOP-20231214,2023-12-14T00:00:00Z,BOP,TEA-BOP,386.9,kg,ProductionReceipt,SYN-PROD-BOP-20231214,SmartTea-Synthetic-Research,WH-MAIN,BIN-01,0.0,Synthetic research data — AI model demonstration
SYNTHETIC-RESEARCH,SYN-BOP-20231215,2023-12-15T00:00:00Z,BOP,TEA-BOP,389.8,kg,ProductionReceipt,SYN-PROD-BOP-20231215,SmartTea-Synthetic-Research,WH-MAIN,BIN-01,0.0,Synthetic research data — AI model demonstration
SYNTHETIC-RESEARCH,SYN-BOP-20231216,2023-12-16T00:00:00Z,BOP,TEA-BOP,298.4,kg,ProductionReceipt,SYN-PROD-BOP-20231216,SmartTea-Synthetic-Research,WH-MAIN,BIN-01,0.0,Synthetic research data — AI model demonstration
SYNTHETIC-RESEARCH,SYN-BOP-20231217,2023-12-17T00:00:00Z,BOP,TEA-BOP,228.4,kg,ProductionReceipt,SYN-PROD-BOP-20231217,SmartTea-Synthetic-Research,WH-MAIN,BIN-01,0.0,Synthetic research data — AI model demonstration
SYNTHETIC-RESEARCH,SYN-BOP-20231218,2023-12-18T00:00:00Z,BOP,TEA-BOP,389.4,kg,ProductionReceipt,SYN-PROD-BOP-20231218,SmartTea-Synthetic-Research,WH-MAIN,BIN-01,0.0,Synthetic research data — AI model demonstration
SYNTHETIC-RESEARCH,SYN-BOP-20231219,2023-12-19T00:00:00Z,BOP,TEA-BOP,406.9,kg,ProductionReceipt,SYN-PROD-BOP-20231219,SmartTea-Synthetic-Research,WH-MAIN,BIN-01,0.0,Synthetic research data — AI model demonstration
SYNTHETIC-RESEARCH,SYN-BOP-20231220,2023-12-20T00:00:00Z,BOP,TEA-BOP,495.5,kg,ProductionReceipt,SYN-PROD-BOP-20231220,SmartTea-Synthetic-Research,WH-MAIN,BIN-01,0.0,Synthetic research data — AI model demonstration
SYNTHETIC-RESEARCH,SYN-BOP-20231221,2023-12-21T00:00:00Z,BOP,TEA-BOP,457.6,kg,ProductionReceipt,SYN-PROD-BOP-20231221,SmartTea-Synthetic-Research,WH-MAIN,BIN-01,0.0,Synthetic research data — AI model demonstration
SYNTHETIC-RESEARCH,SYN-BOP-20231222,2023-12-22T00:00:00Z,BOP,TEA-BOP,424.3,kg,ProductionReceipt,SYN-PROD-BOP-20231222,SmartTea-Synthetic-Research,WH-MAIN,BIN-01,0.0,Synthetic research data — AI model demonstration
SYNTHETIC-RESEARCH,SYN-BOP-20231223,2023-12-23T00:00:00Z,BOP,TEA-BOP,356.7,kg,ProductionReceipt,SYN-PROD-BOP-20231223,SmartTea-Synthetic-Research,WH-MAIN,BIN-01,0.0,Synthetic research data — AI model demonstration
SYNTHETIC-RESEARCH,SYN-BOP-20231224,2023-12-24T00:00:00Z,BOP,TEA-BOP,294.5,kg,ProductionReceipt,SYN-PROD-BOP-20231224,SmartTea-Synthetic-Research,WH-MAIN,BIN-01,0.0,Synthetic research data — AI model demonstration
SYNTHETIC-RESEARCH,SYN-BOP-20231225,2023-12-25T00:00:00Z,BOP,TEA-BOP,445.9,kg,ProductionReceipt,SYN-PROD-BOP-20231225,SmartTea-Synthetic-Research,WH-MAIN,BIN-01,0.0,Synthetic research data — AI model demonstration
SYNTHETIC-RESEARCH,SYN-BOP-20231226,2023-12-26T00:00:00Z,BOP,TEA-BOP,464.0,kg,ProductionReceipt,SYN-PROD-BOP-20231226,SmartTea-Synthetic-Research,WH-MAIN,BIN-01,0.0,Synthetic research data — AI model demonstration
SYNTHETIC-RESEARCH,SYN-BOP-20231227,2023-12-27T00:00:00Z,BOP,TEA-BOP,460.9,kg,ProductionReceipt,SYN-PROD-BOP-20231227,SmartTea-Synthetic-Research,WH-MAIN,BIN-01,0.0,Synthetic research data — AI model demonstration
SYNTHETIC-RESEARCH,SYN-BOP-20231228,2023-12-28T00:00:00Z,BOP,TEA-BOP,456.0,kg,ProductionReceipt,SYN-PROD-BOP-20231228,SmartTea-Synthetic-Research,WH-MAIN,BIN-01,0.0,Synthetic research data — AI model demonstration
SYNTHETIC-RESEARCH,SYN-BOP-20231229,2023-12-29T00:00:00Z,BOP,TEA-BOP,436.3,kg,ProductionReceipt,SYN-PROD-BOP-20231229,SmartTea-Synthetic-Research,WH-MAIN,BIN-01,0.0,Synthetic research data — AI model demonstration
SYNTHETIC-RESEARCH,SYN-BOP-20231230,2023-12-30T00:00:00Z,BOP,TEA-BOP,344.2,kg,ProductionReceipt,SYN-PROD-BOP-20231230,SmartTea-Synthetic-Research,WH-MAIN,BIN-01,0.0,Synthetic research data — AI model demonstration
SYNTHETIC-RESEARCH,SYN-BOP-20231231,2023-12-31T00:00:00Z,BOP,TEA-BOP,310.1,kg,ProductionReceipt,SYN-PROD-BOP-20231231,SmartTea-Synthetic-Research,WH-MAIN,BIN-01,0.0,Synthetic research data — AI model demonstration
SYNTHETIC-RESEARCH,SYN-BOPF-20231002,2023-10-02T00:00:00Z,BOPF,TEA-BOPF,321.0,kg,ProductionReceipt,SYN-PROD-BOPF-20231002,SmartTea-Synthetic-Research,WH-MAIN,BIN-01,0.0,Synthetic research data — AI model demonstration
SYNTHETIC-RESEARCH,SYN-BOPF-20231003,2023-10-03T00:00:00Z,BOPF,TEA-BOPF,302.5,kg,ProductionReceipt,SYN-PROD-BOPF-20231003,SmartTea-Synthetic-Research,WH-MAIN,BIN-01,0.0,Synthetic research data — AI model demonstration
SYNTHETIC-RESEARCH,SYN-BOPF-20231004,2023-10-04T00:00:00Z,BOPF,TEA-BOPF,316.8,kg,ProductionReceipt,SYN-PROD-BOPF-20231004,SmartTea-Synthetic-Research,WH-MAIN,BIN-01,0.0,Synthetic research data — AI model demonstration
SYNTHETIC-RESEARCH,SYN-BOPF-20231005,2023-10-05T00:00:00Z,BOPF,TEA-BOPF,307.9,kg,ProductionReceipt,SYN-PROD-BOPF-20231005,SmartTea-Synthetic-Research,WH-MAIN,BIN-01,0.0,Synthetic research data — AI model demonstration
SYNTHETIC-RESEARCH,SYN-BOPF-20231006,2023-10-06T00:00:00Z,BOPF,TEA-BOPF,260.8,kg,ProductionReceipt,SYN-PROD-BOPF-20231006,SmartTea-Synthetic-Research,WH-MAIN,BIN-01,0.0,Synthetic research data — AI model demonstration
SYNTHETIC-RESEARCH,SYN-BOPF-20231007,2023-10-07T00:00:00Z,BOPF,TEA-BOPF,208.0,kg,ProductionReceipt,SYN-PROD-BOPF-20231007,SmartTea-Synthetic-Research,WH-MAIN,BIN-01,0.0,Synthetic research data — AI model demonstration
SYNTHETIC-RESEARCH,SYN-BOPF-20231008,2023-10-08T00:00:00Z,BOPF,TEA-BOPF,162.2,kg,ProductionReceipt,SYN-PROD-BOPF-20231008,SmartTea-Synthetic-Research,WH-MAIN,BIN-01,0.0,Synthetic research data — AI model demonstration
SYNTHETIC-RESEARCH,SYN-BOPF-20231009,2023-10-09T00:00:00Z,BOPF,TEA-BOPF,300.3,kg,ProductionReceipt,SYN-PROD-BOPF-20231009,SmartTea-Synthetic-Research,WH-MAIN,BIN-01,0.0,Synthetic research data — AI model demonstration
SYNTHETIC-RESEARCH,SYN-BOPF-20231010,2023-10-10T00:00:00Z,BOPF,TEA-BOPF,312.8,kg,ProductionReceipt,SYN-PROD-BOPF-20231010,SmartTea-Synthetic-Research,WH-MAIN,BIN-01,0.0,Synthetic research data — AI model demonstration
SYNTHETIC-RESEARCH,SYN-BOPF-20231011,2023-10-11T00:00:00Z,BOPF,TEA-BOPF,338.1,kg,ProductionReceipt,SYN-PROD-BOPF-20231011,SmartTea-Synthetic-Research,WH-MAIN,BIN-01,0.0,Synthetic research data — AI model demonstration
SYNTHETIC-RESEARCH,SYN-BOPF-20231012,2023-10-12T00:00:00Z,BOPF,TEA-BOPF,301.1,kg,ProductionReceipt,SYN-PROD-BOPF-20231012,SmartTea-Synthetic-Research,WH-MAIN,BIN-01,0.0,Synthetic research data — AI model demonstration
SYNTHETIC-RESEARCH,SYN-BOPF-20231013,2023-10-13T00:00:00Z,BOPF,TEA-BOPF,276.6,kg,ProductionReceipt,SYN-PROD-BOPF-20231013,SmartTea-Synthetic-Research,WH-MAIN,BIN-01,0.0,Synthetic research data — AI model demonstration
SYNTHETIC-RESEARCH,SYN-BOPF-20231014,2023-10-14T00:00:00Z,BOPF,TEA-BOPF,204.2,kg,ProductionReceipt,SYN-PROD-BOPF-20231014,SmartTea-Synthetic-Research,WH-MAIN,BIN-01,0.0,Synthetic research data — AI model demonstration
SYNTHETIC-RESEARCH,SYN-BOPF-20231015,2023-10-15T00:00:00Z,BOPF,TEA-BOPF,154.1,kg,ProductionReceipt,SYN-PROD-BOPF-20231015,SmartTea-Synthetic-Research,WH-MAIN,BIN-01,0.0,Synthetic research data — AI model demonstration
SYNTHETIC-RESEARCH,SYN-BOPF-20231016,2023-10-16T00:00:00Z,BOPF,TEA-BOPF,303.4,kg,ProductionReceipt,SYN-PROD-BOPF-20231016,SmartTea-Synthetic-Research,WH-MAIN,BIN-01,0.0,Synthetic research data — AI model demonstration
SYNTHETIC-RESEARCH,SYN-BOPF-20231017,2023-10-17T00:00:00Z,BOPF,TEA-BOPF,316.7,kg,ProductionReceipt,SYN-PROD-BOPF-20231017,SmartTea-Synthetic-Research,WH-MAIN,BIN-01,0.0,Synthetic research data — AI model demonstration
SYNTHETIC-RESEARCH,SYN-BOPF-20231018,2023-10-18T00:00:00Z,BOPF,TEA-BOPF,310.8,kg,ProductionReceipt,SYN-PROD-BOPF-20231018,SmartTea-Synthetic-Research,WH-MAIN,BIN-01,0.0,Synthetic research data — AI model demonstration
SYNTHETIC-RESEARCH,SYN-BOPF-20231019,2023-10-19T00:00:00Z,BOPF,TEA-BOPF,289.0,kg,ProductionReceipt,SYN-PROD-BOPF-20231019,SmartTea-Synthetic-Research,WH-MAIN,BIN-01,0.0,Synthetic research data — AI model demonstration
SYNTHETIC-RESEARCH,SYN-BOPF-20231020,2023-10-20T00:00:00Z,BOPF,TEA-BOPF,268.8,kg,ProductionReceipt,SYN-PROD-BOPF-20231020,SmartTea-Synthetic-Research,WH-MAIN,BIN-01,0.0,Synthetic research data — AI model demonstration
SYNTHETIC-RESEARCH,SYN-BOPF-20231021,2023-10-21T00:00:00Z,BOPF,TEA-BOPF,214.6,kg,ProductionReceipt,SYN-PROD-BOPF-20231021,SmartTea-Synthetic-Research,WH-MAIN,BIN-01,0.0,Synthetic research data — AI model demonstration
SYNTHETIC-RESEARCH,SYN-BOPF-20231022,2023-10-22T00:00:00Z,BOPF,TEA-BOPF,156.5,kg,ProductionReceipt,SYN-PROD-BOPF-20231022,SmartTea-Synthetic-Research,WH-MAIN,BIN-01,0.0,Synthetic research data — AI model demonstration
SYNTHETIC-RESEARCH,SYN-BOPF-20231023,2023-10-23T00:00:00Z,BOPF,TEA-BOPF,301.9,kg,ProductionReceipt,SYN-PROD-BOPF-20231023,SmartTea-Synthetic-Research,WH-MAIN,BIN-01,0.0,Synthetic research data — AI model demonstration
SYNTHETIC-RESEARCH,SYN-BOPF-20231024,2023-10-24T00:00:00Z,BOPF,TEA-BOPF,315.7,kg,ProductionReceipt,SYN-PROD-BOPF-20231024,SmartTea-Synthetic-Research,WH-MAIN,BIN-01,0.0,Synthetic research data — AI model demonstration
SYNTHETIC-RESEARCH,SYN-BOPF-20231025,2023-10-25T00:00:00Z,BOPF,TEA-BOPF,314.1,kg,ProductionReceipt,SYN-PROD-BOPF-20231025,SmartTea-Synthetic-Research,WH-MAIN,BIN-01,0.0,Synthetic research data — AI model demonstration
SYNTHETIC-RESEARCH,SYN-BOPF-20231026,2023-10-26T00:00:00Z,BOPF,TEA-BOPF,310.6,kg,ProductionReceipt,SYN-PROD-BOPF-20231026,SmartTea-Synthetic-Research,WH-MAIN,BIN-01,0.0,Synthetic research data — AI model demonstration
SYNTHETIC-RESEARCH,SYN-BOPF-20231027,2023-10-27T00:00:00Z,BOPF,TEA-BOPF,267.3,kg,ProductionReceipt,SYN-PROD-BOPF-20231027,SmartTea-Synthetic-Research,WH-MAIN,BIN-01,0.0,Synthetic research data — AI model demonstration
SYNTHETIC-RESEARCH,SYN-BOPF-20231028,2023-10-28T00:00:00Z,BOPF,TEA-BOPF,184.8,kg,ProductionReceipt,SYN-PROD-BOPF-20231028,SmartTea-Synthetic-Research,WH-MAIN,BIN-01,0.0,Synthetic research data — AI model demonstration
SYNTHETIC-RESEARCH,SYN-BOPF-20231029,2023-10-29T00:00:00Z,BOPF,TEA-BOPF,137.6,kg,ProductionReceipt,SYN-PROD-BOPF-20231029,SmartTea-Synthetic-Research,WH-MAIN,BIN-01,0.0,Synthetic research data — AI model demonstration
SYNTHETIC-RESEARCH,SYN-BOPF-20231030,2023-10-30T00:00:00Z,BOPF,TEA-BOPF,315.1,kg,ProductionReceipt,SYN-PROD-BOPF-20231030,SmartTea-Synthetic-Research,WH-MAIN,BIN-01,0.0,Synthetic research data — AI model demonstration
SYNTHETIC-RESEARCH,SYN-BOPF-20231031,2023-10-31T00:00:00Z,BOPF,TEA-BOPF,324.9,kg,ProductionReceipt,SYN-PROD-BOPF-20231031,SmartTea-Synthetic-Research,WH-MAIN,BIN-01,0.0,Synthetic research data — AI model demonstration
SYNTHETIC-RESEARCH,SYN-BOPF-20231101,2023-11-01T00:00:00Z,BOPF,TEA-BOPF,331.3,kg,ProductionReceipt,SYN-PROD-BOPF-20231101,SmartTea-Synthetic-Research,WH-MAIN,BIN-01,0.0,Synthetic research data — AI model demonstration
SYNTHETIC-RESEARCH,SYN-BOPF-20231102,2023-11-02T00:00:00Z,BOPF,TEA-BOPF,328.5,kg,ProductionReceipt,SYN-PROD-BOPF-20231102,SmartTea-Synthetic-Research,WH-MAIN,BIN-01,0.0,Synthetic research data — AI model demonstration
SYNTHETIC-RESEARCH,SYN-BOPF-20231103,2023-11-03T00:00:00Z,BOPF,TEA-BOPF,281.4,kg,ProductionReceipt,SYN-PROD-BOPF-20231103,SmartTea-Synthetic-Research,WH-MAIN,BIN-01,0.0,Synthetic research data — AI model demonstration
SYNTHETIC-RESEARCH,SYN-BOPF-20231104,2023-11-04T00:00:00Z,BOPF,TEA-BOPF,203.8,kg,ProductionReceipt,SYN-PROD-BOPF-20231104,SmartTea-Synthetic-Research,WH-MAIN,BIN-01,0.0,Synthetic research data — AI model demonstration
SYNTHETIC-RESEARCH,SYN-BOPF-20231105,2023-11-05T00:00:00Z,BOPF,TEA-BOPF,156.0,kg,ProductionReceipt,SYN-PROD-BOPF-20231105,SmartTea-Synthetic-Research,WH-MAIN,BIN-01,0.0,Synthetic research data — AI model demonstration
SYNTHETIC-RESEARCH,SYN-BOPF-20231106,2023-11-06T00:00:00Z,BOPF,TEA-BOPF,294.3,kg,ProductionReceipt,SYN-PROD-BOPF-20231106,SmartTea-Synthetic-Research,WH-MAIN,BIN-01,0.0,Synthetic research data — AI model demonstration
SYNTHETIC-RESEARCH,SYN-BOPF-20231107,2023-11-07T00:00:00Z,BOPF,TEA-BOPF,347.3,kg,ProductionReceipt,SYN-PROD-BOPF-20231107,SmartTea-Synthetic-Research,WH-MAIN,BIN-01,0.0,Synthetic research data — AI model demonstration
SYNTHETIC-RESEARCH,SYN-BOPF-20231108,2023-11-08T00:00:00Z,BOPF,TEA-BOPF,313.3,kg,ProductionReceipt,SYN-PROD-BOPF-20231108,SmartTea-Synthetic-Research,WH-MAIN,BIN-01,0.0,Synthetic research data — AI model demonstration
SYNTHETIC-RESEARCH,SYN-BOPF-20231109,2023-11-09T00:00:00Z,BOPF,TEA-BOPF,334.0,kg,ProductionReceipt,SYN-PROD-BOPF-20231109,SmartTea-Synthetic-Research,WH-MAIN,BIN-01,0.0,Synthetic research data — AI model demonstration
SYNTHETIC-RESEARCH,SYN-BOPF-20231110,2023-11-10T00:00:00Z,BOPF,TEA-BOPF,282.7,kg,ProductionReceipt,SYN-PROD-BOPF-20231110,SmartTea-Synthetic-Research,WH-MAIN,BIN-01,0.0,Synthetic research data — AI model demonstration
SYNTHETIC-RESEARCH,SYN-BOPF-20231111,2023-11-11T00:00:00Z,BOPF,TEA-BOPF,204.9,kg,ProductionReceipt,SYN-PROD-BOPF-20231111,SmartTea-Synthetic-Research,WH-MAIN,BIN-01,0.0,Synthetic research data — AI model demonstration
SYNTHETIC-RESEARCH,SYN-BOPF-20231112,2023-11-12T00:00:00Z,BOPF,TEA-BOPF,156.3,kg,ProductionReceipt,SYN-PROD-BOPF-20231112,SmartTea-Synthetic-Research,WH-MAIN,BIN-01,0.0,Synthetic research data — AI model demonstration
SYNTHETIC-RESEARCH,SYN-BOPF-20231113,2023-11-13T00:00:00Z,BOPF,TEA-BOPF,305.3,kg,ProductionReceipt,SYN-PROD-BOPF-20231113,SmartTea-Synthetic-Research,WH-MAIN,BIN-01,0.0,Synthetic research data — AI model demonstration
SYNTHETIC-RESEARCH,SYN-BOPF-20231114,2023-11-14T00:00:00Z,BOPF,TEA-BOPF,353.5,kg,ProductionReceipt,SYN-PROD-BOPF-20231114,SmartTea-Synthetic-Research,WH-MAIN,BIN-01,0.0,Synthetic research data — AI model demonstration
SYNTHETIC-RESEARCH,SYN-BOPF-20231115,2023-11-15T00:00:00Z,BOPF,TEA-BOPF,306.4,kg,ProductionReceipt,SYN-PROD-BOPF-20231115,SmartTea-Synthetic-Research,WH-MAIN,BIN-01,0.0,Synthetic research data — AI model demonstration
SYNTHETIC-RESEARCH,SYN-BOPF-20231116,2023-11-16T00:00:00Z,BOPF,TEA-BOPF,355.2,kg,ProductionReceipt,SYN-PROD-BOPF-20231116,SmartTea-Synthetic-Research,WH-MAIN,BIN-01,0.0,Synthetic research data — AI model demonstration
SYNTHETIC-RESEARCH,SYN-BOPF-20231117,2023-11-17T00:00:00Z,BOPF,TEA-BOPF,275.3,kg,ProductionReceipt,SYN-PROD-BOPF-20231117,SmartTea-Synthetic-Research,WH-MAIN,BIN-01,0.0,Synthetic research data — AI model demonstration
SYNTHETIC-RESEARCH,SYN-BOPF-20231118,2023-11-18T00:00:00Z,BOPF,TEA-BOPF,232.7,kg,ProductionReceipt,SYN-PROD-BOPF-20231118,SmartTea-Synthetic-Research,WH-MAIN,BIN-01,0.0,Synthetic research data — AI model demonstration
SYNTHETIC-RESEARCH,SYN-BOPF-20231119,2023-11-19T00:00:00Z,BOPF,TEA-BOPF,176.3,kg,ProductionReceipt,SYN-PROD-BOPF-20231119,SmartTea-Synthetic-Research,WH-MAIN,BIN-01,0.0,Synthetic research data — AI model demonstration
SYNTHETIC-RESEARCH,SYN-BOPF-20231120,2023-11-20T00:00:00Z,BOPF,TEA-BOPF,314.1,kg,ProductionReceipt,SYN-PROD-BOPF-20231120,SmartTea-Synthetic-Research,WH-MAIN,BIN-01,0.0,Synthetic research data — AI model demonstration
SYNTHETIC-RESEARCH,SYN-BOPF-20231121,2023-11-21T00:00:00Z,BOPF,TEA-BOPF,312.8,kg,ProductionReceipt,SYN-PROD-BOPF-20231121,SmartTea-Synthetic-Research,WH-MAIN,BIN-01,0.0,Synthetic research data — AI model demonstration
SYNTHETIC-RESEARCH,SYN-BOPF-20231122,2023-11-22T00:00:00Z,BOPF,TEA-BOPF,327.7,kg,ProductionReceipt,SYN-PROD-BOPF-20231122,SmartTea-Synthetic-Research,WH-MAIN,BIN-01,0.0,Synthetic research data — AI model demonstration
SYNTHETIC-RESEARCH,SYN-BOPF-20231123,2023-11-23T00:00:00Z,BOPF,TEA-BOPF,305.1,kg,ProductionReceipt,SYN-PROD-BOPF-20231123,SmartTea-Synthetic-Research,WH-MAIN,BIN-01,0.0,Synthetic research data — AI model demonstration
SYNTHETIC-RESEARCH,SYN-BOPF-20231124,2023-11-24T00:00:00Z,BOPF,TEA-BOPF,266.3,kg,ProductionReceipt,SYN-PROD-BOPF-20231124,SmartTea-Synthetic-Research,WH-MAIN,BIN-01,0.0,Synthetic research data — AI model demonstration
SYNTHETIC-RESEARCH,SYN-BOPF-20231125,2023-11-25T00:00:00Z,BOPF,TEA-BOPF,227.4,kg,ProductionReceipt,SYN-PROD-BOPF-20231125,SmartTea-Synthetic-Research,WH-MAIN,BIN-01,0.0,Synthetic research data — AI model demonstration
SYNTHETIC-RESEARCH,SYN-BOPF-20231126,2023-11-26T00:00:00Z,BOPF,TEA-BOPF,173.6,kg,ProductionReceipt,SYN-PROD-BOPF-20231126,SmartTea-Synthetic-Research,WH-MAIN,BIN-01,0.0,Synthetic research data — AI model demonstration
SYNTHETIC-RESEARCH,SYN-BOPF-20231127,2023-11-27T00:00:00Z,BOPF,TEA-BOPF,353.4,kg,ProductionReceipt,SYN-PROD-BOPF-20231127,SmartTea-Synthetic-Research,WH-MAIN,BIN-01,0.0,Synthetic research data — AI model demonstration
SYNTHETIC-RESEARCH,SYN-BOPF-20231128,2023-11-28T00:00:00Z,BOPF,TEA-BOPF,356.8,kg,ProductionReceipt,SYN-PROD-BOPF-20231128,SmartTea-Synthetic-Research,WH-MAIN,BIN-01,0.0,Synthetic research data — AI model demonstration
SYNTHETIC-RESEARCH,SYN-BOPF-20231129,2023-11-29T00:00:00Z,BOPF,TEA-BOPF,363.9,kg,ProductionReceipt,SYN-PROD-BOPF-20231129,SmartTea-Synthetic-Research,WH-MAIN,BIN-01,0.0,Synthetic research data — AI model demonstration
SYNTHETIC-RESEARCH,SYN-BOPF-20231130,2023-11-30T00:00:00Z,BOPF,TEA-BOPF,319.2,kg,ProductionReceipt,SYN-PROD-BOPF-20231130,SmartTea-Synthetic-Research,WH-MAIN,BIN-01,0.0,Synthetic research data — AI model demonstration
SYNTHETIC-RESEARCH,SYN-BOPF-20231201,2023-12-01T00:00:00Z,BOPF,TEA-BOPF,303.1,kg,ProductionReceipt,SYN-PROD-BOPF-20231201,SmartTea-Synthetic-Research,WH-MAIN,BIN-01,0.0,Synthetic research data — AI model demonstration
SYNTHETIC-RESEARCH,SYN-BOPF-20231202,2023-12-02T00:00:00Z,BOPF,TEA-BOPF,187.8,kg,ProductionReceipt,SYN-PROD-BOPF-20231202,SmartTea-Synthetic-Research,WH-MAIN,BIN-01,0.0,Synthetic research data — AI model demonstration
SYNTHETIC-RESEARCH,SYN-BOPF-20231203,2023-12-03T00:00:00Z,BOPF,TEA-BOPF,186.1,kg,ProductionReceipt,SYN-PROD-BOPF-20231203,SmartTea-Synthetic-Research,WH-MAIN,BIN-01,0.0,Synthetic research data — AI model demonstration
SYNTHETIC-RESEARCH,SYN-BOPF-20231204,2023-12-04T00:00:00Z,BOPF,TEA-BOPF,333.4,kg,ProductionReceipt,SYN-PROD-BOPF-20231204,SmartTea-Synthetic-Research,WH-MAIN,BIN-01,0.0,Synthetic research data — AI model demonstration
SYNTHETIC-RESEARCH,SYN-BOPF-20231205,2023-12-05T00:00:00Z,BOPF,TEA-BOPF,349.4,kg,ProductionReceipt,SYN-PROD-BOPF-20231205,SmartTea-Synthetic-Research,WH-MAIN,BIN-01,0.0,Synthetic research data — AI model demonstration
SYNTHETIC-RESEARCH,SYN-BOPF-20231206,2023-12-06T00:00:00Z,BOPF,TEA-BOPF,341.5,kg,ProductionReceipt,SYN-PROD-BOPF-20231206,SmartTea-Synthetic-Research,WH-MAIN,BIN-01,0.0,Synthetic research data — AI model demonstration
SYNTHETIC-RESEARCH,SYN-BOPF-20231207,2023-12-07T00:00:00Z,BOPF,TEA-BOPF,338.7,kg,ProductionReceipt,SYN-PROD-BOPF-20231207,SmartTea-Synthetic-Research,WH-MAIN,BIN-01,0.0,Synthetic research data — AI model demonstration
SYNTHETIC-RESEARCH,SYN-BOPF-20231208,2023-12-08T00:00:00Z,BOPF,TEA-BOPF,262.3,kg,ProductionReceipt,SYN-PROD-BOPF-20231208,SmartTea-Synthetic-Research,WH-MAIN,BIN-01,0.0,Synthetic research data — AI model demonstration
SYNTHETIC-RESEARCH,SYN-BOPF-20231209,2023-12-09T00:00:00Z,BOPF,TEA-BOPF,243.2,kg,ProductionReceipt,SYN-PROD-BOPF-20231209,SmartTea-Synthetic-Research,WH-MAIN,BIN-01,0.0,Synthetic research data — AI model demonstration
SYNTHETIC-RESEARCH,SYN-BOPF-20231210,2023-12-10T00:00:00Z,BOPF,TEA-BOPF,206.0,kg,ProductionReceipt,SYN-PROD-BOPF-20231210,SmartTea-Synthetic-Research,WH-MAIN,BIN-01,0.0,Synthetic research data — AI model demonstration
SYNTHETIC-RESEARCH,SYN-BOPF-20231211,2023-12-11T00:00:00Z,BOPF,TEA-BOPF,361.4,kg,ProductionReceipt,SYN-PROD-BOPF-20231211,SmartTea-Synthetic-Research,WH-MAIN,BIN-01,0.0,Synthetic research data — AI model demonstration
SYNTHETIC-RESEARCH,SYN-BOPF-20231212,2023-12-12T00:00:00Z,BOPF,TEA-BOPF,360.2,kg,ProductionReceipt,SYN-PROD-BOPF-20231212,SmartTea-Synthetic-Research,WH-MAIN,BIN-01,0.0,Synthetic research data — AI model demonstration
SYNTHETIC-RESEARCH,SYN-BOPF-20231213,2023-12-13T00:00:00Z,BOPF,TEA-BOPF,347.2,kg,ProductionReceipt,SYN-PROD-BOPF-20231213,SmartTea-Synthetic-Research,WH-MAIN,BIN-01,0.0,Synthetic research data — AI model demonstration
SYNTHETIC-RESEARCH,SYN-BOPF-20231214,2023-12-14T00:00:00Z,BOPF,TEA-BOPF,363.4,kg,ProductionReceipt,SYN-PROD-BOPF-20231214,SmartTea-Synthetic-Research,WH-MAIN,BIN-01,0.0,Synthetic research data — AI model demonstration
SYNTHETIC-RESEARCH,SYN-BOPF-20231215,2023-12-15T00:00:00Z,BOPF,TEA-BOPF,275.5,kg,ProductionReceipt,SYN-PROD-BOPF-20231215,SmartTea-Synthetic-Research,WH-MAIN,BIN-01,0.0,Synthetic research data — AI model demonstration
SYNTHETIC-RESEARCH,SYN-BOPF-20231216,2023-12-16T00:00:00Z,BOPF,TEA-BOPF,237.5,kg,ProductionReceipt,SYN-PROD-BOPF-20231216,SmartTea-Synthetic-Research,WH-MAIN,BIN-01,0.0,Synthetic research data — AI model demonstration
SYNTHETIC-RESEARCH,SYN-BOPF-20231217,2023-12-17T00:00:00Z,BOPF,TEA-BOPF,192.3,kg,ProductionReceipt,SYN-PROD-BOPF-20231217,SmartTea-Synthetic-Research,WH-MAIN,BIN-01,0.0,Synthetic research data — AI model demonstration
SYNTHETIC-RESEARCH,SYN-BOPF-20231218,2023-12-18T00:00:00Z,BOPF,TEA-BOPF,345.6,kg,ProductionReceipt,SYN-PROD-BOPF-20231218,SmartTea-Synthetic-Research,WH-MAIN,BIN-01,0.0,Synthetic research data — AI model demonstration
SYNTHETIC-RESEARCH,SYN-BOPF-20231219,2023-12-19T00:00:00Z,BOPF,TEA-BOPF,324.2,kg,ProductionReceipt,SYN-PROD-BOPF-20231219,SmartTea-Synthetic-Research,WH-MAIN,BIN-01,0.0,Synthetic research data — AI model demonstration
SYNTHETIC-RESEARCH,SYN-BOPF-20231220,2023-12-20T00:00:00Z,BOPF,TEA-BOPF,420.7,kg,ProductionReceipt,SYN-PROD-BOPF-20231220,SmartTea-Synthetic-Research,WH-MAIN,BIN-01,0.0,Synthetic research data — AI model demonstration
SYNTHETIC-RESEARCH,SYN-BOPF-20231221,2023-12-21T00:00:00Z,BOPF,TEA-BOPF,389.7,kg,ProductionReceipt,SYN-PROD-BOPF-20231221,SmartTea-Synthetic-Research,WH-MAIN,BIN-01,0.0,Synthetic research data — AI model demonstration
SYNTHETIC-RESEARCH,SYN-BOPF-20231222,2023-12-22T00:00:00Z,BOPF,TEA-BOPF,369.4,kg,ProductionReceipt,SYN-PROD-BOPF-20231222,SmartTea-Synthetic-Research,WH-MAIN,BIN-01,0.0,Synthetic research data — AI model demonstration
SYNTHETIC-RESEARCH,SYN-BOPF-20231223,2023-12-23T00:00:00Z,BOPF,TEA-BOPF,298.8,kg,ProductionReceipt,SYN-PROD-BOPF-20231223,SmartTea-Synthetic-Research,WH-MAIN,BIN-01,0.0,Synthetic research data — AI model demonstration
SYNTHETIC-RESEARCH,SYN-BOPF-20231224,2023-12-24T00:00:00Z,BOPF,TEA-BOPF,275.2,kg,ProductionReceipt,SYN-PROD-BOPF-20231224,SmartTea-Synthetic-Research,WH-MAIN,BIN-01,0.0,Synthetic research data — AI model demonstration
SYNTHETIC-RESEARCH,SYN-BOPF-20231225,2023-12-25T00:00:00Z,BOPF,TEA-BOPF,363.6,kg,ProductionReceipt,SYN-PROD-BOPF-20231225,SmartTea-Synthetic-Research,WH-MAIN,BIN-01,0.0,Synthetic research data — AI model demonstration
SYNTHETIC-RESEARCH,SYN-BOPF-20231226,2023-12-26T00:00:00Z,BOPF,TEA-BOPF,411.7,kg,ProductionReceipt,SYN-PROD-BOPF-20231226,SmartTea-Synthetic-Research,WH-MAIN,BIN-01,0.0,Synthetic research data — AI model demonstration
SYNTHETIC-RESEARCH,SYN-BOPF-20231227,2023-12-27T00:00:00Z,BOPF,TEA-BOPF,424.3,kg,ProductionReceipt,SYN-PROD-BOPF-20231227,SmartTea-Synthetic-Research,WH-MAIN,BIN-01,0.0,Synthetic research data — AI model demonstration
SYNTHETIC-RESEARCH,SYN-BOPF-20231228,2023-12-28T00:00:00Z,BOPF,TEA-BOPF,398.7,kg,ProductionReceipt,SYN-PROD-BOPF-20231228,SmartTea-Synthetic-Research,WH-MAIN,BIN-01,0.0,Synthetic research data — AI model demonstration
SYNTHETIC-RESEARCH,SYN-BOPF-20231229,2023-12-29T00:00:00Z,BOPF,TEA-BOPF,354.4,kg,ProductionReceipt,SYN-PROD-BOPF-20231229,SmartTea-Synthetic-Research,WH-MAIN,BIN-01,0.0,Synthetic research data — AI model demonstration
SYNTHETIC-RESEARCH,SYN-BOPF-20231230,2023-12-30T00:00:00Z,BOPF,TEA-BOPF,291.0,kg,ProductionReceipt,SYN-PROD-BOPF-20231230,SmartTea-Synthetic-Research,WH-MAIN,BIN-01,0.0,Synthetic research data — AI model demonstration
SYNTHETIC-RESEARCH,SYN-BOPF-20231231,2023-12-31T00:00:00Z,BOPF,TEA-BOPF,253.4,kg,ProductionReceipt,SYN-PROD-BOPF-20231231,SmartTea-Synthetic-Research,WH-MAIN,BIN-01,0.0,Synthetic research data — AI model demonstration
SYNTHETIC-RESEARCH,SYN-DUST-20231002,2023-10-02T00:00:00Z,DUST,TEA-DUST,260.8,kg,ProductionReceipt,SYN-PROD-DUST-20231002,SmartTea-Synthetic-Research,WH-MAIN,BIN-01,0.0,Synthetic research data — AI model demonstration
SYNTHETIC-RESEARCH,SYN-DUST-20231003,2023-10-03T00:00:00Z,DUST,TEA-DUST,295.3,kg,ProductionReceipt,SYN-PROD-DUST-20231003,SmartTea-Synthetic-Research,WH-MAIN,BIN-01,0.0,Synthetic research data — AI model demonstration
SYNTHETIC-RESEARCH,SYN-DUST-20231004,2023-10-04T00:00:00Z,DUST,TEA-DUST,271.7,kg,ProductionReceipt,SYN-PROD-DUST-20231004,SmartTea-Synthetic-Research,WH-MAIN,BIN-01,0.0,Synthetic research data — AI model demonstration
SYNTHETIC-RESEARCH,SYN-DUST-20231005,2023-10-05T00:00:00Z,DUST,TEA-DUST,283.3,kg,ProductionReceipt,SYN-PROD-DUST-20231005,SmartTea-Synthetic-Research,WH-MAIN,BIN-01,0.0,Synthetic research data — AI model demonstration
SYNTHETIC-RESEARCH,SYN-DUST-20231006,2023-10-06T00:00:00Z,DUST,TEA-DUST,254.9,kg,ProductionReceipt,SYN-PROD-DUST-20231006,SmartTea-Synthetic-Research,WH-MAIN,BIN-01,0.0,Synthetic research data — AI model demonstration
SYNTHETIC-RESEARCH,SYN-DUST-20231007,2023-10-07T00:00:00Z,DUST,TEA-DUST,157.9,kg,ProductionReceipt,SYN-PROD-DUST-20231007,SmartTea-Synthetic-Research,WH-MAIN,BIN-01,0.0,Synthetic research data — AI model demonstration
SYNTHETIC-RESEARCH,SYN-DUST-20231008,2023-10-08T00:00:00Z,DUST,TEA-DUST,146.1,kg,ProductionReceipt,SYN-PROD-DUST-20231008,SmartTea-Synthetic-Research,WH-MAIN,BIN-01,0.0,Synthetic research data — AI model demonstration
SYNTHETIC-RESEARCH,SYN-DUST-20231009,2023-10-09T00:00:00Z,DUST,TEA-DUST,283.6,kg,ProductionReceipt,SYN-PROD-DUST-20231009,SmartTea-Synthetic-Research,WH-MAIN,BIN-01,0.0,Synthetic research data — AI model demonstration
SYNTHETIC-RESEARCH,SYN-DUST-20231010,2023-10-10T00:00:00Z,DUST,TEA-DUST,255.7,kg,ProductionReceipt,SYN-PROD-DUST-20231010,SmartTea-Synthetic-Research,WH-MAIN,BIN-01,0.0,Synthetic research data — AI model demonstration
SYNTHETIC-RESEARCH,SYN-DUST-20231011,2023-10-11T00:00:00Z,DUST,TEA-DUST,250.5,kg,ProductionReceipt,SYN-PROD-DUST-20231011,SmartTea-Synthetic-Research,WH-MAIN,BIN-01,0.0,Synthetic research data — AI model demonstration
SYNTHETIC-RESEARCH,SYN-DUST-20231012,2023-10-12T00:00:00Z,DUST,TEA-DUST,247.5,kg,ProductionReceipt,SYN-PROD-DUST-20231012,SmartTea-Synthetic-Research,WH-MAIN,BIN-01,0.0,Synthetic research data — AI model demonstration
SYNTHETIC-RESEARCH,SYN-DUST-20231013,2023-10-13T00:00:00Z,DUST,TEA-DUST,245.0,kg,ProductionReceipt,SYN-PROD-DUST-20231013,SmartTea-Synthetic-Research,WH-MAIN,BIN-01,0.0,Synthetic research data — AI model demonstration
SYNTHETIC-RESEARCH,SYN-DUST-20231014,2023-10-14T00:00:00Z,DUST,TEA-DUST,175.7,kg,ProductionReceipt,SYN-PROD-DUST-20231014,SmartTea-Synthetic-Research,WH-MAIN,BIN-01,0.0,Synthetic research data — AI model demonstration
SYNTHETIC-RESEARCH,SYN-DUST-20231015,2023-10-15T00:00:00Z,DUST,TEA-DUST,107.2,kg,ProductionReceipt,SYN-PROD-DUST-20231015,SmartTea-Synthetic-Research,WH-MAIN,BIN-01,0.0,Synthetic research data — AI model demonstration
SYNTHETIC-RESEARCH,SYN-DUST-20231016,2023-10-16T00:00:00Z,DUST,TEA-DUST,259.4,kg,ProductionReceipt,SYN-PROD-DUST-20231016,SmartTea-Synthetic-Research,WH-MAIN,BIN-01,0.0,Synthetic research data — AI model demonstration
SYNTHETIC-RESEARCH,SYN-DUST-20231017,2023-10-17T00:00:00Z,DUST,TEA-DUST,262.4,kg,ProductionReceipt,SYN-PROD-DUST-20231017,SmartTea-Synthetic-Research,WH-MAIN,BIN-01,0.0,Synthetic research data — AI model demonstration
SYNTHETIC-RESEARCH,SYN-DUST-20231018,2023-10-18T00:00:00Z,DUST,TEA-DUST,259.1,kg,ProductionReceipt,SYN-PROD-DUST-20231018,SmartTea-Synthetic-Research,WH-MAIN,BIN-01,0.0,Synthetic research data — AI model demonstration
SYNTHETIC-RESEARCH,SYN-DUST-20231019,2023-10-19T00:00:00Z,DUST,TEA-DUST,243.4,kg,ProductionReceipt,SYN-PROD-DUST-20231019,SmartTea-Synthetic-Research,WH-MAIN,BIN-01,0.0,Synthetic research data — AI model demonstration
SYNTHETIC-RESEARCH,SYN-DUST-20231020,2023-10-20T00:00:00Z,DUST,TEA-DUST,233.6,kg,ProductionReceipt,SYN-PROD-DUST-20231020,SmartTea-Synthetic-Research,WH-MAIN,BIN-01,0.0,Synthetic research data — AI model demonstration
SYNTHETIC-RESEARCH,SYN-DUST-20231021,2023-10-21T00:00:00Z,DUST,TEA-DUST,183.4,kg,ProductionReceipt,SYN-PROD-DUST-20231021,SmartTea-Synthetic-Research,WH-MAIN,BIN-01,0.0,Synthetic research data — AI model demonstration
SYNTHETIC-RESEARCH,SYN-DUST-20231022,2023-10-22T00:00:00Z,DUST,TEA-DUST,122.6,kg,ProductionReceipt,SYN-PROD-DUST-20231022,SmartTea-Synthetic-Research,WH-MAIN,BIN-01,0.0,Synthetic research data — AI model demonstration
SYNTHETIC-RESEARCH,SYN-DUST-20231023,2023-10-23T00:00:00Z,DUST,TEA-DUST,227.3,kg,ProductionReceipt,SYN-PROD-DUST-20231023,SmartTea-Synthetic-Research,WH-MAIN,BIN-01,0.0,Synthetic research data — AI model demonstration
SYNTHETIC-RESEARCH,SYN-DUST-20231024,2023-10-24T00:00:00Z,DUST,TEA-DUST,258.9,kg,ProductionReceipt,SYN-PROD-DUST-20231024,SmartTea-Synthetic-Research,WH-MAIN,BIN-01,0.0,Synthetic research data — AI model demonstration
SYNTHETIC-RESEARCH,SYN-DUST-20231025,2023-10-25T00:00:00Z,DUST,TEA-DUST,269.1,kg,ProductionReceipt,SYN-PROD-DUST-20231025,SmartTea-Synthetic-Research,WH-MAIN,BIN-01,0.0,Synthetic research data — AI model demonstration
SYNTHETIC-RESEARCH,SYN-DUST-20231026,2023-10-26T00:00:00Z,DUST,TEA-DUST,247.1,kg,ProductionReceipt,SYN-PROD-DUST-20231026,SmartTea-Synthetic-Research,WH-MAIN,BIN-01,0.0,Synthetic research data — AI model demonstration
SYNTHETIC-RESEARCH,SYN-DUST-20231027,2023-10-27T00:00:00Z,DUST,TEA-DUST,205.1,kg,ProductionReceipt,SYN-PROD-DUST-20231027,SmartTea-Synthetic-Research,WH-MAIN,BIN-01,0.0,Synthetic research data — AI model demonstration
SYNTHETIC-RESEARCH,SYN-DUST-20231028,2023-10-28T00:00:00Z,DUST,TEA-DUST,177.5,kg,ProductionReceipt,SYN-PROD-DUST-20231028,SmartTea-Synthetic-Research,WH-MAIN,BIN-01,0.0,Synthetic research data — AI model demonstration
SYNTHETIC-RESEARCH,SYN-DUST-20231029,2023-10-29T00:00:00Z,DUST,TEA-DUST,150.8,kg,ProductionReceipt,SYN-PROD-DUST-20231029,SmartTea-Synthetic-Research,WH-MAIN,BIN-01,0.0,Synthetic research data — AI model demonstration
SYNTHETIC-RESEARCH,SYN-DUST-20231030,2023-10-30T00:00:00Z,DUST,TEA-DUST,250.6,kg,ProductionReceipt,SYN-PROD-DUST-20231030,SmartTea-Synthetic-Research,WH-MAIN,BIN-01,0.0,Synthetic research data — AI model demonstration
SYNTHETIC-RESEARCH,SYN-DUST-20231031,2023-10-31T00:00:00Z,DUST,TEA-DUST,239.2,kg,ProductionReceipt,SYN-PROD-DUST-20231031,SmartTea-Synthetic-Research,WH-MAIN,BIN-01,0.0,Synthetic research data — AI model demonstration
SYNTHETIC-RESEARCH,SYN-DUST-20231101,2023-11-01T00:00:00Z,DUST,TEA-DUST,264.9,kg,ProductionReceipt,SYN-PROD-DUST-20231101,SmartTea-Synthetic-Research,WH-MAIN,BIN-01,0.0,Synthetic research data — AI model demonstration
SYNTHETIC-RESEARCH,SYN-DUST-20231102,2023-11-02T00:00:00Z,DUST,TEA-DUST,266.9,kg,ProductionReceipt,SYN-PROD-DUST-20231102,SmartTea-Synthetic-Research,WH-MAIN,BIN-01,0.0,Synthetic research data — AI model demonstration
SYNTHETIC-RESEARCH,SYN-DUST-20231103,2023-11-03T00:00:00Z,DUST,TEA-DUST,226.8,kg,ProductionReceipt,SYN-PROD-DUST-20231103,SmartTea-Synthetic-Research,WH-MAIN,BIN-01,0.0,Synthetic research data — AI model demonstration
SYNTHETIC-RESEARCH,SYN-DUST-20231104,2023-11-04T00:00:00Z,DUST,TEA-DUST,187.0,kg,ProductionReceipt,SYN-PROD-DUST-20231104,SmartTea-Synthetic-Research,WH-MAIN,BIN-01,0.0,Synthetic research data — AI model demonstration
SYNTHETIC-RESEARCH,SYN-DUST-20231105,2023-11-05T00:00:00Z,DUST,TEA-DUST,129.7,kg,ProductionReceipt,SYN-PROD-DUST-20231105,SmartTea-Synthetic-Research,WH-MAIN,BIN-01,0.0,Synthetic research data — AI model demonstration
SYNTHETIC-RESEARCH,SYN-DUST-20231106,2023-11-06T00:00:00Z,DUST,TEA-DUST,263.3,kg,ProductionReceipt,SYN-PROD-DUST-20231106,SmartTea-Synthetic-Research,WH-MAIN,BIN-01,0.0,Synthetic research data — AI model demonstration
SYNTHETIC-RESEARCH,SYN-DUST-20231107,2023-11-07T00:00:00Z,DUST,TEA-DUST,271.9,kg,ProductionReceipt,SYN-PROD-DUST-20231107,SmartTea-Synthetic-Research,WH-MAIN,BIN-01,0.0,Synthetic research data — AI model demonstration
SYNTHETIC-RESEARCH,SYN-DUST-20231108,2023-11-08T00:00:00Z,DUST,TEA-DUST,279.5,kg,ProductionReceipt,SYN-PROD-DUST-20231108,SmartTea-Synthetic-Research,WH-MAIN,BIN-01,0.0,Synthetic research data — AI model demonstration
SYNTHETIC-RESEARCH,SYN-DUST-20231109,2023-11-09T00:00:00Z,DUST,TEA-DUST,266.0,kg,ProductionReceipt,SYN-PROD-DUST-20231109,SmartTea-Synthetic-Research,WH-MAIN,BIN-01,0.0,Synthetic research data — AI model demonstration
SYNTHETIC-RESEARCH,SYN-DUST-20231110,2023-11-10T00:00:00Z,DUST,TEA-DUST,237.3,kg,ProductionReceipt,SYN-PROD-DUST-20231110,SmartTea-Synthetic-Research,WH-MAIN,BIN-01,0.0,Synthetic research data — AI model demonstration
SYNTHETIC-RESEARCH,SYN-DUST-20231111,2023-11-11T00:00:00Z,DUST,TEA-DUST,169.0,kg,ProductionReceipt,SYN-PROD-DUST-20231111,SmartTea-Synthetic-Research,WH-MAIN,BIN-01,0.0,Synthetic research data — AI model demonstration
SYNTHETIC-RESEARCH,SYN-DUST-20231112,2023-11-12T00:00:00Z,DUST,TEA-DUST,145.5,kg,ProductionReceipt,SYN-PROD-DUST-20231112,SmartTea-Synthetic-Research,WH-MAIN,BIN-01,0.0,Synthetic research data — AI model demonstration
SYNTHETIC-RESEARCH,SYN-DUST-20231113,2023-11-13T00:00:00Z,DUST,TEA-DUST,261.7,kg,ProductionReceipt,SYN-PROD-DUST-20231113,SmartTea-Synthetic-Research,WH-MAIN,BIN-01,0.0,Synthetic research data — AI model demonstration
SYNTHETIC-RESEARCH,SYN-DUST-20231114,2023-11-14T00:00:00Z,DUST,TEA-DUST,265.4,kg,ProductionReceipt,SYN-PROD-DUST-20231114,SmartTea-Synthetic-Research,WH-MAIN,BIN-01,0.0,Synthetic research data — AI model demonstration
SYNTHETIC-RESEARCH,SYN-DUST-20231115,2023-11-15T00:00:00Z,DUST,TEA-DUST,276.0,kg,ProductionReceipt,SYN-PROD-DUST-20231115,SmartTea-Synthetic-Research,WH-MAIN,BIN-01,0.0,Synthetic research data — AI model demonstration
SYNTHETIC-RESEARCH,SYN-DUST-20231116,2023-11-16T00:00:00Z,DUST,TEA-DUST,274.7,kg,ProductionReceipt,SYN-PROD-DUST-20231116,SmartTea-Synthetic-Research,WH-MAIN,BIN-01,0.0,Synthetic research data — AI model demonstration
SYNTHETIC-RESEARCH,SYN-DUST-20231117,2023-11-17T00:00:00Z,DUST,TEA-DUST,238.8,kg,ProductionReceipt,SYN-PROD-DUST-20231117,SmartTea-Synthetic-Research,WH-MAIN,BIN-01,0.0,Synthetic research data — AI model demonstration
SYNTHETIC-RESEARCH,SYN-DUST-20231118,2023-11-18T00:00:00Z,DUST,TEA-DUST,197.7,kg,ProductionReceipt,SYN-PROD-DUST-20231118,SmartTea-Synthetic-Research,WH-MAIN,BIN-01,0.0,Synthetic research data — AI model demonstration
SYNTHETIC-RESEARCH,SYN-DUST-20231119,2023-11-19T00:00:00Z,DUST,TEA-DUST,152.8,kg,ProductionReceipt,SYN-PROD-DUST-20231119,SmartTea-Synthetic-Research,WH-MAIN,BIN-01,0.0,Synthetic research data — AI model demonstration
SYNTHETIC-RESEARCH,SYN-DUST-20231120,2023-11-20T00:00:00Z,DUST,TEA-DUST,251.2,kg,ProductionReceipt,SYN-PROD-DUST-20231120,SmartTea-Synthetic-Research,WH-MAIN,BIN-01,0.0,Synthetic research data — AI model demonstration
SYNTHETIC-RESEARCH,SYN-DUST-20231121,2023-11-21T00:00:00Z,DUST,TEA-DUST,301.7,kg,ProductionReceipt,SYN-PROD-DUST-20231121,SmartTea-Synthetic-Research,WH-MAIN,BIN-01,0.0,Synthetic research data — AI model demonstration
SYNTHETIC-RESEARCH,SYN-DUST-20231122,2023-11-22T00:00:00Z,DUST,TEA-DUST,289.4,kg,ProductionReceipt,SYN-PROD-DUST-20231122,SmartTea-Synthetic-Research,WH-MAIN,BIN-01,0.0,Synthetic research data — AI model demonstration
SYNTHETIC-RESEARCH,SYN-DUST-20231123,2023-11-23T00:00:00Z,DUST,TEA-DUST,288.8,kg,ProductionReceipt,SYN-PROD-DUST-20231123,SmartTea-Synthetic-Research,WH-MAIN,BIN-01,0.0,Synthetic research data — AI model demonstration
SYNTHETIC-RESEARCH,SYN-DUST-20231124,2023-11-24T00:00:00Z,DUST,TEA-DUST,254.5,kg,ProductionReceipt,SYN-PROD-DUST-20231124,SmartTea-Synthetic-Research,WH-MAIN,BIN-01,0.0,Synthetic research data — AI model demonstration
SYNTHETIC-RESEARCH,SYN-DUST-20231125,2023-11-25T00:00:00Z,DUST,TEA-DUST,155.9,kg,ProductionReceipt,SYN-PROD-DUST-20231125,SmartTea-Synthetic-Research,WH-MAIN,BIN-01,0.0,Synthetic research data — AI model demonstration
SYNTHETIC-RESEARCH,SYN-DUST-20231126,2023-11-26T00:00:00Z,DUST,TEA-DUST,170.2,kg,ProductionReceipt,SYN-PROD-DUST-20231126,SmartTea-Synthetic-Research,WH-MAIN,BIN-01,0.0,Synthetic research data — AI model demonstration
SYNTHETIC-RESEARCH,SYN-DUST-20231127,2023-11-27T00:00:00Z,DUST,TEA-DUST,276.2,kg,ProductionReceipt,SYN-PROD-DUST-20231127,SmartTea-Synthetic-Research,WH-MAIN,BIN-01,0.0,Synthetic research data — AI model demonstration
SYNTHETIC-RESEARCH,SYN-DUST-20231128,2023-11-28T00:00:00Z,DUST,TEA-DUST,293.3,kg,ProductionReceipt,SYN-PROD-DUST-20231128,SmartTea-Synthetic-Research,WH-MAIN,BIN-01,0.0,Synthetic research data — AI model demonstration
SYNTHETIC-RESEARCH,SYN-DUST-20231129,2023-11-29T00:00:00Z,DUST,TEA-DUST,292.1,kg,ProductionReceipt,SYN-PROD-DUST-20231129,SmartTea-Synthetic-Research,WH-MAIN,BIN-01,0.0,Synthetic research data — AI model demonstration
SYNTHETIC-RESEARCH,SYN-DUST-20231130,2023-11-30T00:00:00Z,DUST,TEA-DUST,308.3,kg,ProductionReceipt,SYN-PROD-DUST-20231130,SmartTea-Synthetic-Research,WH-MAIN,BIN-01,0.0,Synthetic research data — AI model demonstration
SYNTHETIC-RESEARCH,SYN-DUST-20231201,2023-12-01T00:00:00Z,DUST,TEA-DUST,247.1,kg,ProductionReceipt,SYN-PROD-DUST-20231201,SmartTea-Synthetic-Research,WH-MAIN,BIN-01,0.0,Synthetic research data — AI model demonstration
SYNTHETIC-RESEARCH,SYN-DUST-20231202,2023-12-02T00:00:00Z,DUST,TEA-DUST,188.5,kg,ProductionReceipt,SYN-PROD-DUST-20231202,SmartTea-Synthetic-Research,WH-MAIN,BIN-01,0.0,Synthetic research data — AI model demonstration
SYNTHETIC-RESEARCH,SYN-DUST-20231203,2023-12-03T00:00:00Z,DUST,TEA-DUST,148.7,kg,ProductionReceipt,SYN-PROD-DUST-20231203,SmartTea-Synthetic-Research,WH-MAIN,BIN-01,0.0,Synthetic research data — AI model demonstration
SYNTHETIC-RESEARCH,SYN-DUST-20231204,2023-12-04T00:00:00Z,DUST,TEA-DUST,266.5,kg,ProductionReceipt,SYN-PROD-DUST-20231204,SmartTea-Synthetic-Research,WH-MAIN,BIN-01,0.0,Synthetic research data — AI model demonstration
SYNTHETIC-RESEARCH,SYN-DUST-20231205,2023-12-05T00:00:00Z,DUST,TEA-DUST,279.8,kg,ProductionReceipt,SYN-PROD-DUST-20231205,SmartTea-Synthetic-Research,WH-MAIN,BIN-01,0.0,Synthetic research data — AI model demonstration
SYNTHETIC-RESEARCH,SYN-DUST-20231206,2023-12-06T00:00:00Z,DUST,TEA-DUST,264.5,kg,ProductionReceipt,SYN-PROD-DUST-20231206,SmartTea-Synthetic-Research,WH-MAIN,BIN-01,0.0,Synthetic research data — AI model demonstration
SYNTHETIC-RESEARCH,SYN-DUST-20231207,2023-12-07T00:00:00Z,DUST,TEA-DUST,293.5,kg,ProductionReceipt,SYN-PROD-DUST-20231207,SmartTea-Synthetic-Research,WH-MAIN,BIN-01,0.0,Synthetic research data — AI model demonstration
SYNTHETIC-RESEARCH,SYN-DUST-20231208,2023-12-08T00:00:00Z,DUST,TEA-DUST,290.6,kg,ProductionReceipt,SYN-PROD-DUST-20231208,SmartTea-Synthetic-Research,WH-MAIN,BIN-01,0.0,Synthetic research data — AI model demonstration
SYNTHETIC-RESEARCH,SYN-DUST-20231209,2023-12-09T00:00:00Z,DUST,TEA-DUST,232.5,kg,ProductionReceipt,SYN-PROD-DUST-20231209,SmartTea-Synthetic-Research,WH-MAIN,BIN-01,0.0,Synthetic research data — AI model demonstration
SYNTHETIC-RESEARCH,SYN-DUST-20231210,2023-12-10T00:00:00Z,DUST,TEA-DUST,155.8,kg,ProductionReceipt,SYN-PROD-DUST-20231210,SmartTea-Synthetic-Research,WH-MAIN,BIN-01,0.0,Synthetic research data — AI model demonstration
SYNTHETIC-RESEARCH,SYN-DUST-20231211,2023-12-11T00:00:00Z,DUST,TEA-DUST,285.1,kg,ProductionReceipt,SYN-PROD-DUST-20231211,SmartTea-Synthetic-Research,WH-MAIN,BIN-01,0.0,Synthetic research data — AI model demonstration
SYNTHETIC-RESEARCH,SYN-DUST-20231212,2023-12-12T00:00:00Z,DUST,TEA-DUST,319.9,kg,ProductionReceipt,SYN-PROD-DUST-20231212,SmartTea-Synthetic-Research,WH-MAIN,BIN-01,0.0,Synthetic research data — AI model demonstration
SYNTHETIC-RESEARCH,SYN-DUST-20231213,2023-12-13T00:00:00Z,DUST,TEA-DUST,304.6,kg,ProductionReceipt,SYN-PROD-DUST-20231213,SmartTea-Synthetic-Research,WH-MAIN,BIN-01,0.0,Synthetic research data — AI model demonstration
SYNTHETIC-RESEARCH,SYN-DUST-20231214,2023-12-14T00:00:00Z,DUST,TEA-DUST,296.5,kg,ProductionReceipt,SYN-PROD-DUST-20231214,SmartTea-Synthetic-Research,WH-MAIN,BIN-01,0.0,Synthetic research data — AI model demonstration
SYNTHETIC-RESEARCH,SYN-DUST-20231215,2023-12-15T00:00:00Z,DUST,TEA-DUST,265.5,kg,ProductionReceipt,SYN-PROD-DUST-20231215,SmartTea-Synthetic-Research,WH-MAIN,BIN-01,0.0,Synthetic research data — AI model demonstration
SYNTHETIC-RESEARCH,SYN-DUST-20231216,2023-12-16T00:00:00Z,DUST,TEA-DUST,227.2,kg,ProductionReceipt,SYN-PROD-DUST-20231216,SmartTea-Synthetic-Research,WH-MAIN,BIN-01,0.0,Synthetic research data — AI model demonstration
SYNTHETIC-RESEARCH,SYN-DUST-20231217,2023-12-17T00:00:00Z,DUST,TEA-DUST,159.7,kg,ProductionReceipt,SYN-PROD-DUST-20231217,SmartTea-Synthetic-Research,WH-MAIN,BIN-01,0.0,Synthetic research data — AI model demonstration
SYNTHETIC-RESEARCH,SYN-DUST-20231218,2023-12-18T00:00:00Z,DUST,TEA-DUST,303.1,kg,ProductionReceipt,SYN-PROD-DUST-20231218,SmartTea-Synthetic-Research,WH-MAIN,BIN-01,0.0,Synthetic research data — AI model demonstration
SYNTHETIC-RESEARCH,SYN-DUST-20231219,2023-12-19T00:00:00Z,DUST,TEA-DUST,314.2,kg,ProductionReceipt,SYN-PROD-DUST-20231219,SmartTea-Synthetic-Research,WH-MAIN,BIN-01,0.0,Synthetic research data — AI model demonstration
SYNTHETIC-RESEARCH,SYN-DUST-20231220,2023-12-20T00:00:00Z,DUST,TEA-DUST,342.0,kg,ProductionReceipt,SYN-PROD-DUST-20231220,SmartTea-Synthetic-Research,WH-MAIN,BIN-01,0.0,Synthetic research data — AI model demonstration
SYNTHETIC-RESEARCH,SYN-DUST-20231221,2023-12-21T00:00:00Z,DUST,TEA-DUST,348.9,kg,ProductionReceipt,SYN-PROD-DUST-20231221,SmartTea-Synthetic-Research,WH-MAIN,BIN-01,0.0,Synthetic research data — AI model demonstration
SYNTHETIC-RESEARCH,SYN-DUST-20231222,2023-12-22T00:00:00Z,DUST,TEA-DUST,312.6,kg,ProductionReceipt,SYN-PROD-DUST-20231222,SmartTea-Synthetic-Research,WH-MAIN,BIN-01,0.0,Synthetic research data — AI model demonstration
SYNTHETIC-RESEARCH,SYN-DUST-20231223,2023-12-23T00:00:00Z,DUST,TEA-DUST,245.4,kg,ProductionReceipt,SYN-PROD-DUST-20231223,SmartTea-Synthetic-Research,WH-MAIN,BIN-01,0.0,Synthetic research data — AI model demonstration
SYNTHETIC-RESEARCH,SYN-DUST-20231224,2023-12-24T00:00:00Z,DUST,TEA-DUST,219.3,kg,ProductionReceipt,SYN-PROD-DUST-20231224,SmartTea-Synthetic-Research,WH-MAIN,BIN-01,0.0,Synthetic research data — AI model demonstration
SYNTHETIC-RESEARCH,SYN-DUST-20231225,2023-12-25T00:00:00Z,DUST,TEA-DUST,316.0,kg,ProductionReceipt,SYN-PROD-DUST-20231225,SmartTea-Synthetic-Research,WH-MAIN,BIN-01,0.0,Synthetic research data — AI model demonstration
SYNTHETIC-RESEARCH,SYN-DUST-20231226,2023-12-26T00:00:00Z,DUST,TEA-DUST,360.6,kg,ProductionReceipt,SYN-PROD-DUST-20231226,SmartTea-Synthetic-Research,WH-MAIN,BIN-01,0.0,Synthetic research data — AI model demonstration
SYNTHETIC-RESEARCH,SYN-DUST-20231227,2023-12-27T00:00:00Z,DUST,TEA-DUST,360.4,kg,ProductionReceipt,SYN-PROD-DUST-20231227,SmartTea-Synthetic-Research,WH-MAIN,BIN-01,0.0,Synthetic research data — AI model demonstration
SYNTHETIC-RESEARCH,SYN-DUST-20231228,2023-12-28T00:00:00Z,DUST,TEA-DUST,334.5,kg,ProductionReceipt,SYN-PROD-DUST-20231228,SmartTea-Synthetic-Research,WH-MAIN,BIN-01,0.0,Synthetic research data — AI model demonstration
SYNTHETIC-RESEARCH,SYN-DUST-20231229,2023-12-29T00:00:00Z,DUST,TEA-DUST,305.5,kg,ProductionReceipt,SYN-PROD-DUST-20231229,SmartTea-Synthetic-Research,WH-MAIN,BIN-01,0.0,Synthetic research data — AI model demonstration
SYNTHETIC-RESEARCH,SYN-DUST-20231230,2023-12-30T00:00:00Z,DUST,TEA-DUST,250.3,kg,ProductionReceipt,SYN-PROD-DUST-20231230,SmartTea-Synthetic-Research,WH-MAIN,BIN-01,0.0,Synthetic research data — AI model demonstration
SYNTHETIC-RESEARCH,SYN-DUST-20231231,2023-12-31T00:00:00Z,DUST,TEA-DUST,223.1,kg,ProductionReceipt,SYN-PROD-DUST-20231231,SmartTea-Synthetic-Research,WH-MAIN,BIN-01,0.0,Synthetic research data — AI model demonstration
SYNTHETIC-RESEARCH,SYN-FNGS-20231002,2023-10-02T00:00:00Z,FNGS,TEA-FNGS,193.0,kg,ProductionReceipt,SYN-PROD-FNGS-20231002,SmartTea-Synthetic-Research,WH-MAIN,BIN-01,0.0,Synthetic research data — AI model demonstration
SYNTHETIC-RESEARCH,SYN-FNGS-20231003,2023-10-03T00:00:00Z,FNGS,TEA-FNGS,207.7,kg,ProductionReceipt,SYN-PROD-FNGS-20231003,SmartTea-Synthetic-Research,WH-MAIN,BIN-01,0.0,Synthetic research data — AI model demonstration
SYNTHETIC-RESEARCH,SYN-FNGS-20231004,2023-10-04T00:00:00Z,FNGS,TEA-FNGS,198.7,kg,ProductionReceipt,SYN-PROD-FNGS-20231004,SmartTea-Synthetic-Research,WH-MAIN,BIN-01,0.0,Synthetic research data — AI model demonstration
SYNTHETIC-RESEARCH,SYN-FNGS-20231005,2023-10-05T00:00:00Z,FNGS,TEA-FNGS,206.4,kg,ProductionReceipt,SYN-PROD-FNGS-20231005,SmartTea-Synthetic-Research,WH-MAIN,BIN-01,0.0,Synthetic research data — AI model demonstration
SYNTHETIC-RESEARCH,SYN-FNGS-20231006,2023-10-06T00:00:00Z,FNGS,TEA-FNGS,170.9,kg,ProductionReceipt,SYN-PROD-FNGS-20231006,SmartTea-Synthetic-Research,WH-MAIN,BIN-01,0.0,Synthetic research data — AI model demonstration
SYNTHETIC-RESEARCH,SYN-FNGS-20231007,2023-10-07T00:00:00Z,FNGS,TEA-FNGS,123.9,kg,ProductionReceipt,SYN-PROD-FNGS-20231007,SmartTea-Synthetic-Research,WH-MAIN,BIN-01,0.0,Synthetic research data — AI model demonstration
SYNTHETIC-RESEARCH,SYN-FNGS-20231008,2023-10-08T00:00:00Z,FNGS,TEA-FNGS,104.6,kg,ProductionReceipt,SYN-PROD-FNGS-20231008,SmartTea-Synthetic-Research,WH-MAIN,BIN-01,0.0,Synthetic research data — AI model demonstration
SYNTHETIC-RESEARCH,SYN-FNGS-20231009,2023-10-09T00:00:00Z,FNGS,TEA-FNGS,188.6,kg,ProductionReceipt,SYN-PROD-FNGS-20231009,SmartTea-Synthetic-Research,WH-MAIN,BIN-01,0.0,Synthetic research data — AI model demonstration
SYNTHETIC-RESEARCH,SYN-FNGS-20231010,2023-10-10T00:00:00Z,FNGS,TEA-FNGS,191.6,kg,ProductionReceipt,SYN-PROD-FNGS-20231010,SmartTea-Synthetic-Research,WH-MAIN,BIN-01,0.0,Synthetic research data — AI model demonstration
SYNTHETIC-RESEARCH,SYN-FNGS-20231011,2023-10-11T00:00:00Z,FNGS,TEA-FNGS,197.1,kg,ProductionReceipt,SYN-PROD-FNGS-20231011,SmartTea-Synthetic-Research,WH-MAIN,BIN-01,0.0,Synthetic research data — AI model demonstration
SYNTHETIC-RESEARCH,SYN-FNGS-20231012,2023-10-12T00:00:00Z,FNGS,TEA-FNGS,180.2,kg,ProductionReceipt,SYN-PROD-FNGS-20231012,SmartTea-Synthetic-Research,WH-MAIN,BIN-01,0.0,Synthetic research data — AI model demonstration
SYNTHETIC-RESEARCH,SYN-FNGS-20231013,2023-10-13T00:00:00Z,FNGS,TEA-FNGS,160.3,kg,ProductionReceipt,SYN-PROD-FNGS-20231013,SmartTea-Synthetic-Research,WH-MAIN,BIN-01,0.0,Synthetic research data — AI model demonstration
SYNTHETIC-RESEARCH,SYN-FNGS-20231014,2023-10-14T00:00:00Z,FNGS,TEA-FNGS,115.5,kg,ProductionReceipt,SYN-PROD-FNGS-20231014,SmartTea-Synthetic-Research,WH-MAIN,BIN-01,0.0,Synthetic research data — AI model demonstration
SYNTHETIC-RESEARCH,SYN-FNGS-20231015,2023-10-15T00:00:00Z,FNGS,TEA-FNGS,108.3,kg,ProductionReceipt,SYN-PROD-FNGS-20231015,SmartTea-Synthetic-Research,WH-MAIN,BIN-01,0.0,Synthetic research data — AI model demonstration
SYNTHETIC-RESEARCH,SYN-FNGS-20231016,2023-10-16T00:00:00Z,FNGS,TEA-FNGS,148.3,kg,ProductionReceipt,SYN-PROD-FNGS-20231016,SmartTea-Synthetic-Research,WH-MAIN,BIN-01,0.0,Synthetic research data — AI model demonstration
SYNTHETIC-RESEARCH,SYN-FNGS-20231017,2023-10-17T00:00:00Z,FNGS,TEA-FNGS,195.9,kg,ProductionReceipt,SYN-PROD-FNGS-20231017,SmartTea-Synthetic-Research,WH-MAIN,BIN-01,0.0,Synthetic research data — AI model demonstration
SYNTHETIC-RESEARCH,SYN-FNGS-20231018,2023-10-18T00:00:00Z,FNGS,TEA-FNGS,187.9,kg,ProductionReceipt,SYN-PROD-FNGS-20231018,SmartTea-Synthetic-Research,WH-MAIN,BIN-01,0.0,Synthetic research data — AI model demonstration
SYNTHETIC-RESEARCH,SYN-FNGS-20231019,2023-10-19T00:00:00Z,FNGS,TEA-FNGS,165.3,kg,ProductionReceipt,SYN-PROD-FNGS-20231019,SmartTea-Synthetic-Research,WH-MAIN,BIN-01,0.0,Synthetic research data — AI model demonstration
SYNTHETIC-RESEARCH,SYN-FNGS-20231020,2023-10-20T00:00:00Z,FNGS,TEA-FNGS,166.6,kg,ProductionReceipt,SYN-PROD-FNGS-20231020,SmartTea-Synthetic-Research,WH-MAIN,BIN-01,0.0,Synthetic research data — AI model demonstration
SYNTHETIC-RESEARCH,SYN-FNGS-20231021,2023-10-21T00:00:00Z,FNGS,TEA-FNGS,123.0,kg,ProductionReceipt,SYN-PROD-FNGS-20231021,SmartTea-Synthetic-Research,WH-MAIN,BIN-01,0.0,Synthetic research data — AI model demonstration
SYNTHETIC-RESEARCH,SYN-FNGS-20231022,2023-10-22T00:00:00Z,FNGS,TEA-FNGS,96.8,kg,ProductionReceipt,SYN-PROD-FNGS-20231022,SmartTea-Synthetic-Research,WH-MAIN,BIN-01,0.0,Synthetic research data — AI model demonstration
SYNTHETIC-RESEARCH,SYN-FNGS-20231023,2023-10-23T00:00:00Z,FNGS,TEA-FNGS,151.5,kg,ProductionReceipt,SYN-PROD-FNGS-20231023,SmartTea-Synthetic-Research,WH-MAIN,BIN-01,0.0,Synthetic research data — AI model demonstration
SYNTHETIC-RESEARCH,SYN-FNGS-20231024,2023-10-24T00:00:00Z,FNGS,TEA-FNGS,203.6,kg,ProductionReceipt,SYN-PROD-FNGS-20231024,SmartTea-Synthetic-Research,WH-MAIN,BIN-01,0.0,Synthetic research data — AI model demonstration
SYNTHETIC-RESEARCH,SYN-FNGS-20231025,2023-10-25T00:00:00Z,FNGS,TEA-FNGS,177.0,kg,ProductionReceipt,SYN-PROD-FNGS-20231025,SmartTea-Synthetic-Research,WH-MAIN,BIN-01,0.0,Synthetic research data — AI model demonstration
SYNTHETIC-RESEARCH,SYN-FNGS-20231026,2023-10-26T00:00:00Z,FNGS,TEA-FNGS,188.6,kg,ProductionReceipt,SYN-PROD-FNGS-20231026,SmartTea-Synthetic-Research,WH-MAIN,BIN-01,0.0,Synthetic research data — AI model demonstration
SYNTHETIC-RESEARCH,SYN-FNGS-20231027,2023-10-27T00:00:00Z,FNGS,TEA-FNGS,169.2,kg,ProductionReceipt,SYN-PROD-FNGS-20231027,SmartTea-Synthetic-Research,WH-MAIN,BIN-01,0.0,Synthetic research data — AI model demonstration
SYNTHETIC-RESEARCH,SYN-FNGS-20231028,2023-10-28T00:00:00Z,FNGS,TEA-FNGS,106.5,kg,ProductionReceipt,SYN-PROD-FNGS-20231028,SmartTea-Synthetic-Research,WH-MAIN,BIN-01,0.0,Synthetic research data — AI model demonstration
SYNTHETIC-RESEARCH,SYN-FNGS-20231029,2023-10-29T00:00:00Z,FNGS,TEA-FNGS,96.0,kg,ProductionReceipt,SYN-PROD-FNGS-20231029,SmartTea-Synthetic-Research,WH-MAIN,BIN-01,0.0,Synthetic research data — AI model demonstration
SYNTHETIC-RESEARCH,SYN-FNGS-20231030,2023-10-30T00:00:00Z,FNGS,TEA-FNGS,174.7,kg,ProductionReceipt,SYN-PROD-FNGS-20231030,SmartTea-Synthetic-Research,WH-MAIN,BIN-01,0.0,Synthetic research data — AI model demonstration
SYNTHETIC-RESEARCH,SYN-FNGS-20231031,2023-10-31T00:00:00Z,FNGS,TEA-FNGS,165.4,kg,ProductionReceipt,SYN-PROD-FNGS-20231031,SmartTea-Synthetic-Research,WH-MAIN,BIN-01,0.0,Synthetic research data — AI model demonstration
SYNTHETIC-RESEARCH,SYN-FNGS-20231101,2023-11-01T00:00:00Z,FNGS,TEA-FNGS,205.8,kg,ProductionReceipt,SYN-PROD-FNGS-20231101,SmartTea-Synthetic-Research,WH-MAIN,BIN-01,0.0,Synthetic research data — AI model demonstration
SYNTHETIC-RESEARCH,SYN-FNGS-20231102,2023-11-02T00:00:00Z,FNGS,TEA-FNGS,181.3,kg,ProductionReceipt,SYN-PROD-FNGS-20231102,SmartTea-Synthetic-Research,WH-MAIN,BIN-01,0.0,Synthetic research data — AI model demonstration
SYNTHETIC-RESEARCH,SYN-FNGS-20231103,2023-11-03T00:00:00Z,FNGS,TEA-FNGS,160.7,kg,ProductionReceipt,SYN-PROD-FNGS-20231103,SmartTea-Synthetic-Research,WH-MAIN,BIN-01,0.0,Synthetic research data — AI model demonstration
SYNTHETIC-RESEARCH,SYN-FNGS-20231104,2023-11-04T00:00:00Z,FNGS,TEA-FNGS,120.7,kg,ProductionReceipt,SYN-PROD-FNGS-20231104,SmartTea-Synthetic-Research,WH-MAIN,BIN-01,0.0,Synthetic research data — AI model demonstration
SYNTHETIC-RESEARCH,SYN-FNGS-20231105,2023-11-05T00:00:00Z,FNGS,TEA-FNGS,101.1,kg,ProductionReceipt,SYN-PROD-FNGS-20231105,SmartTea-Synthetic-Research,WH-MAIN,BIN-01,0.0,Synthetic research data — AI model demonstration
SYNTHETIC-RESEARCH,SYN-FNGS-20231106,2023-11-06T00:00:00Z,FNGS,TEA-FNGS,187.8,kg,ProductionReceipt,SYN-PROD-FNGS-20231106,SmartTea-Synthetic-Research,WH-MAIN,BIN-01,0.0,Synthetic research data — AI model demonstration
SYNTHETIC-RESEARCH,SYN-FNGS-20231107,2023-11-07T00:00:00Z,FNGS,TEA-FNGS,203.5,kg,ProductionReceipt,SYN-PROD-FNGS-20231107,SmartTea-Synthetic-Research,WH-MAIN,BIN-01,0.0,Synthetic research data — AI model demonstration
SYNTHETIC-RESEARCH,SYN-FNGS-20231108,2023-11-08T00:00:00Z,FNGS,TEA-FNGS,179.8,kg,ProductionReceipt,SYN-PROD-FNGS-20231108,SmartTea-Synthetic-Research,WH-MAIN,BIN-01,0.0,Synthetic research data — AI model demonstration
SYNTHETIC-RESEARCH,SYN-FNGS-20231109,2023-11-09T00:00:00Z,FNGS,TEA-FNGS,183.0,kg,ProductionReceipt,SYN-PROD-FNGS-20231109,SmartTea-Synthetic-Research,WH-MAIN,BIN-01,0.0,Synthetic research data — AI model demonstration
SYNTHETIC-RESEARCH,SYN-FNGS-20231110,2023-11-10T00:00:00Z,FNGS,TEA-FNGS,170.3,kg,ProductionReceipt,SYN-PROD-FNGS-20231110,SmartTea-Synthetic-Research,WH-MAIN,BIN-01,0.0,Synthetic research data — AI model demonstration
SYNTHETIC-RESEARCH,SYN-FNGS-20231111,2023-11-11T00:00:00Z,FNGS,TEA-FNGS,147.5,kg,ProductionReceipt,SYN-PROD-FNGS-20231111,SmartTea-Synthetic-Research,WH-MAIN,BIN-01,0.0,Synthetic research data — AI model demonstration
SYNTHETIC-RESEARCH,SYN-FNGS-20231112,2023-11-12T00:00:00Z,FNGS,TEA-FNGS,99.2,kg,ProductionReceipt,SYN-PROD-FNGS-20231112,SmartTea-Synthetic-Research,WH-MAIN,BIN-01,0.0,Synthetic research data — AI model demonstration
SYNTHETIC-RESEARCH,SYN-FNGS-20231113,2023-11-13T00:00:00Z,FNGS,TEA-FNGS,202.6,kg,ProductionReceipt,SYN-PROD-FNGS-20231113,SmartTea-Synthetic-Research,WH-MAIN,BIN-01,0.0,Synthetic research data — AI model demonstration
SYNTHETIC-RESEARCH,SYN-FNGS-20231114,2023-11-14T00:00:00Z,FNGS,TEA-FNGS,200.8,kg,ProductionReceipt,SYN-PROD-FNGS-20231114,SmartTea-Synthetic-Research,WH-MAIN,BIN-01,0.0,Synthetic research data — AI model demonstration
SYNTHETIC-RESEARCH,SYN-FNGS-20231115,2023-11-15T00:00:00Z,FNGS,TEA-FNGS,192.0,kg,ProductionReceipt,SYN-PROD-FNGS-20231115,SmartTea-Synthetic-Research,WH-MAIN,BIN-01,0.0,Synthetic research data — AI model demonstration
SYNTHETIC-RESEARCH,SYN-FNGS-20231116,2023-11-16T00:00:00Z,FNGS,TEA-FNGS,191.6,kg,ProductionReceipt,SYN-PROD-FNGS-20231116,SmartTea-Synthetic-Research,WH-MAIN,BIN-01,0.0,Synthetic research data — AI model demonstration
SYNTHETIC-RESEARCH,SYN-FNGS-20231117,2023-11-17T00:00:00Z,FNGS,TEA-FNGS,173.2,kg,ProductionReceipt,SYN-PROD-FNGS-20231117,SmartTea-Synthetic-Research,WH-MAIN,BIN-01,0.0,Synthetic research data — AI model demonstration
SYNTHETIC-RESEARCH,SYN-FNGS-20231118,2023-11-18T00:00:00Z,FNGS,TEA-FNGS,137.2,kg,ProductionReceipt,SYN-PROD-FNGS-20231118,SmartTea-Synthetic-Research,WH-MAIN,BIN-01,0.0,Synthetic research data — AI model demonstration
SYNTHETIC-RESEARCH,SYN-FNGS-20231119,2023-11-19T00:00:00Z,FNGS,TEA-FNGS,119.2,kg,ProductionReceipt,SYN-PROD-FNGS-20231119,SmartTea-Synthetic-Research,WH-MAIN,BIN-01,0.0,Synthetic research data — AI model demonstration
SYNTHETIC-RESEARCH,SYN-FNGS-20231120,2023-11-20T00:00:00Z,FNGS,TEA-FNGS,198.9,kg,ProductionReceipt,SYN-PROD-FNGS-20231120,SmartTea-Synthetic-Research,WH-MAIN,BIN-01,0.0,Synthetic research data — AI model demonstration
SYNTHETIC-RESEARCH,SYN-FNGS-20231121,2023-11-21T00:00:00Z,FNGS,TEA-FNGS,217.5,kg,ProductionReceipt,SYN-PROD-FNGS-20231121,SmartTea-Synthetic-Research,WH-MAIN,BIN-01,0.0,Synthetic research data — AI model demonstration
SYNTHETIC-RESEARCH,SYN-FNGS-20231122,2023-11-22T00:00:00Z,FNGS,TEA-FNGS,191.5,kg,ProductionReceipt,SYN-PROD-FNGS-20231122,SmartTea-Synthetic-Research,WH-MAIN,BIN-01,0.0,Synthetic research data — AI model demonstration
SYNTHETIC-RESEARCH,SYN-FNGS-20231123,2023-11-23T00:00:00Z,FNGS,TEA-FNGS,194.6,kg,ProductionReceipt,SYN-PROD-FNGS-20231123,SmartTea-Synthetic-Research,WH-MAIN,BIN-01,0.0,Synthetic research data — AI model demonstration
SYNTHETIC-RESEARCH,SYN-FNGS-20231124,2023-11-24T00:00:00Z,FNGS,TEA-FNGS,172.2,kg,ProductionReceipt,SYN-PROD-FNGS-20231124,SmartTea-Synthetic-Research,WH-MAIN,BIN-01,0.0,Synthetic research data — AI model demonstration
SYNTHETIC-RESEARCH,SYN-FNGS-20231125,2023-11-25T00:00:00Z,FNGS,TEA-FNGS,139.3,kg,ProductionReceipt,SYN-PROD-FNGS-20231125,SmartTea-Synthetic-Research,WH-MAIN,BIN-01,0.0,Synthetic research data — AI model demonstration
SYNTHETIC-RESEARCH,SYN-FNGS-20231126,2023-11-26T00:00:00Z,FNGS,TEA-FNGS,105.8,kg,ProductionReceipt,SYN-PROD-FNGS-20231126,SmartTea-Synthetic-Research,WH-MAIN,BIN-01,0.0,Synthetic research data — AI model demonstration
SYNTHETIC-RESEARCH,SYN-FNGS-20231127,2023-11-27T00:00:00Z,FNGS,TEA-FNGS,208.5,kg,ProductionReceipt,SYN-PROD-FNGS-20231127,SmartTea-Synthetic-Research,WH-MAIN,BIN-01,0.0,Synthetic research data — AI model demonstration
SYNTHETIC-RESEARCH,SYN-FNGS-20231128,2023-11-28T00:00:00Z,FNGS,TEA-FNGS,200.4,kg,ProductionReceipt,SYN-PROD-FNGS-20231128,SmartTea-Synthetic-Research,WH-MAIN,BIN-01,0.0,Synthetic research data — AI model demonstration
SYNTHETIC-RESEARCH,SYN-FNGS-20231129,2023-11-29T00:00:00Z,FNGS,TEA-FNGS,208.2,kg,ProductionReceipt,SYN-PROD-FNGS-20231129,SmartTea-Synthetic-Research,WH-MAIN,BIN-01,0.0,Synthetic research data — AI model demonstration
SYNTHETIC-RESEARCH,SYN-FNGS-20231130,2023-11-30T00:00:00Z,FNGS,TEA-FNGS,212.5,kg,ProductionReceipt,SYN-PROD-FNGS-20231130,SmartTea-Synthetic-Research,WH-MAIN,BIN-01,0.0,Synthetic research data — AI model demonstration
SYNTHETIC-RESEARCH,SYN-FNGS-20231201,2023-12-01T00:00:00Z,FNGS,TEA-FNGS,163.9,kg,ProductionReceipt,SYN-PROD-FNGS-20231201,SmartTea-Synthetic-Research,WH-MAIN,BIN-01,0.0,Synthetic research data — AI model demonstration
SYNTHETIC-RESEARCH,SYN-FNGS-20231202,2023-12-02T00:00:00Z,FNGS,TEA-FNGS,165.1,kg,ProductionReceipt,SYN-PROD-FNGS-20231202,SmartTea-Synthetic-Research,WH-MAIN,BIN-01,0.0,Synthetic research data — AI model demonstration
SYNTHETIC-RESEARCH,SYN-FNGS-20231203,2023-12-03T00:00:00Z,FNGS,TEA-FNGS,113.1,kg,ProductionReceipt,SYN-PROD-FNGS-20231203,SmartTea-Synthetic-Research,WH-MAIN,BIN-01,0.0,Synthetic research data — AI model demonstration
SYNTHETIC-RESEARCH,SYN-FNGS-20231204,2023-12-04T00:00:00Z,FNGS,TEA-FNGS,185.3,kg,ProductionReceipt,SYN-PROD-FNGS-20231204,SmartTea-Synthetic-Research,WH-MAIN,BIN-01,0.0,Synthetic research data — AI model demonstration
SYNTHETIC-RESEARCH,SYN-FNGS-20231205,2023-12-05T00:00:00Z,FNGS,TEA-FNGS,218.9,kg,ProductionReceipt,SYN-PROD-FNGS-20231205,SmartTea-Synthetic-Research,WH-MAIN,BIN-01,0.0,Synthetic research data — AI model demonstration
SYNTHETIC-RESEARCH,SYN-FNGS-20231206,2023-12-06T00:00:00Z,FNGS,TEA-FNGS,214.9,kg,ProductionReceipt,SYN-PROD-FNGS-20231206,SmartTea-Synthetic-Research,WH-MAIN,BIN-01,0.0,Synthetic research data — AI model demonstration
SYNTHETIC-RESEARCH,SYN-FNGS-20231207,2023-12-07T00:00:00Z,FNGS,TEA-FNGS,211.1,kg,ProductionReceipt,SYN-PROD-FNGS-20231207,SmartTea-Synthetic-Research,WH-MAIN,BIN-01,0.0,Synthetic research data — AI model demonstration
SYNTHETIC-RESEARCH,SYN-FNGS-20231208,2023-12-08T00:00:00Z,FNGS,TEA-FNGS,203.9,kg,ProductionReceipt,SYN-PROD-FNGS-20231208,SmartTea-Synthetic-Research,WH-MAIN,BIN-01,0.0,Synthetic research data — AI model demonstration
SYNTHETIC-RESEARCH,SYN-FNGS-20231209,2023-12-09T00:00:00Z,FNGS,TEA-FNGS,157.3,kg,ProductionReceipt,SYN-PROD-FNGS-20231209,SmartTea-Synthetic-Research,WH-MAIN,BIN-01,0.0,Synthetic research data — AI model demonstration
SYNTHETIC-RESEARCH,SYN-FNGS-20231210,2023-12-10T00:00:00Z,FNGS,TEA-FNGS,126.4,kg,ProductionReceipt,SYN-PROD-FNGS-20231210,SmartTea-Synthetic-Research,WH-MAIN,BIN-01,0.0,Synthetic research data — AI model demonstration
SYNTHETIC-RESEARCH,SYN-FNGS-20231211,2023-12-11T00:00:00Z,FNGS,TEA-FNGS,219.1,kg,ProductionReceipt,SYN-PROD-FNGS-20231211,SmartTea-Synthetic-Research,WH-MAIN,BIN-01,0.0,Synthetic research data — AI model demonstration
SYNTHETIC-RESEARCH,SYN-FNGS-20231212,2023-12-12T00:00:00Z,FNGS,TEA-FNGS,223.1,kg,ProductionReceipt,SYN-PROD-FNGS-20231212,SmartTea-Synthetic-Research,WH-MAIN,BIN-01,0.0,Synthetic research data — AI model demonstration
SYNTHETIC-RESEARCH,SYN-FNGS-20231213,2023-12-13T00:00:00Z,FNGS,TEA-FNGS,240.8,kg,ProductionReceipt,SYN-PROD-FNGS-20231213,SmartTea-Synthetic-Research,WH-MAIN,BIN-01,0.0,Synthetic research data — AI model demonstration
SYNTHETIC-RESEARCH,SYN-FNGS-20231214,2023-12-14T00:00:00Z,FNGS,TEA-FNGS,203.1,kg,ProductionReceipt,SYN-PROD-FNGS-20231214,SmartTea-Synthetic-Research,WH-MAIN,BIN-01,0.0,Synthetic research data — AI model demonstration
SYNTHETIC-RESEARCH,SYN-FNGS-20231215,2023-12-15T00:00:00Z,FNGS,TEA-FNGS,201.8,kg,ProductionReceipt,SYN-PROD-FNGS-20231215,SmartTea-Synthetic-Research,WH-MAIN,BIN-01,0.0,Synthetic research data — AI model demonstration
SYNTHETIC-RESEARCH,SYN-FNGS-20231216,2023-12-16T00:00:00Z,FNGS,TEA-FNGS,157.0,kg,ProductionReceipt,SYN-PROD-FNGS-20231216,SmartTea-Synthetic-Research,WH-MAIN,BIN-01,0.0,Synthetic research data — AI model demonstration
SYNTHETIC-RESEARCH,SYN-FNGS-20231217,2023-12-17T00:00:00Z,FNGS,TEA-FNGS,139.1,kg,ProductionReceipt,SYN-PROD-FNGS-20231217,SmartTea-Synthetic-Research,WH-MAIN,BIN-01,0.0,Synthetic research data — AI model demonstration
SYNTHETIC-RESEARCH,SYN-FNGS-20231218,2023-12-18T00:00:00Z,FNGS,TEA-FNGS,212.2,kg,ProductionReceipt,SYN-PROD-FNGS-20231218,SmartTea-Synthetic-Research,WH-MAIN,BIN-01,0.0,Synthetic research data — AI model demonstration
SYNTHETIC-RESEARCH,SYN-FNGS-20231219,2023-12-19T00:00:00Z,FNGS,TEA-FNGS,212.5,kg,ProductionReceipt,SYN-PROD-FNGS-20231219,SmartTea-Synthetic-Research,WH-MAIN,BIN-01,0.0,Synthetic research data — AI model demonstration
SYNTHETIC-RESEARCH,SYN-FNGS-20231220,2023-12-20T00:00:00Z,FNGS,TEA-FNGS,257.4,kg,ProductionReceipt,SYN-PROD-FNGS-20231220,SmartTea-Synthetic-Research,WH-MAIN,BIN-01,0.0,Synthetic research data — AI model demonstration
SYNTHETIC-RESEARCH,SYN-FNGS-20231221,2023-12-21T00:00:00Z,FNGS,TEA-FNGS,256.1,kg,ProductionReceipt,SYN-PROD-FNGS-20231221,SmartTea-Synthetic-Research,WH-MAIN,BIN-01,0.0,Synthetic research data — AI model demonstration
SYNTHETIC-RESEARCH,SYN-FNGS-20231222,2023-12-22T00:00:00Z,FNGS,TEA-FNGS,250.3,kg,ProductionReceipt,SYN-PROD-FNGS-20231222,SmartTea-Synthetic-Research,WH-MAIN,BIN-01,0.0,Synthetic research data — AI model demonstration
SYNTHETIC-RESEARCH,SYN-FNGS-20231223,2023-12-23T00:00:00Z,FNGS,TEA-FNGS,176.4,kg,ProductionReceipt,SYN-PROD-FNGS-20231223,SmartTea-Synthetic-Research,WH-MAIN,BIN-01,0.0,Synthetic research data — AI model demonstration
SYNTHETIC-RESEARCH,SYN-FNGS-20231224,2023-12-24T00:00:00Z,FNGS,TEA-FNGS,176.5,kg,ProductionReceipt,SYN-PROD-FNGS-20231224,SmartTea-Synthetic-Research,WH-MAIN,BIN-01,0.0,Synthetic research data — AI model demonstration
SYNTHETIC-RESEARCH,SYN-FNGS-20231225,2023-12-25T00:00:00Z,FNGS,TEA-FNGS,280.5,kg,ProductionReceipt,SYN-PROD-FNGS-20231225,SmartTea-Synthetic-Research,WH-MAIN,BIN-01,0.0,Synthetic research data — AI model demonstration
SYNTHETIC-RESEARCH,SYN-FNGS-20231226,2023-12-26T00:00:00Z,FNGS,TEA-FNGS,260.8,kg,ProductionReceipt,SYN-PROD-FNGS-20231226,SmartTea-Synthetic-Research,WH-MAIN,BIN-01,0.0,Synthetic research data — AI model demonstration
SYNTHETIC-RESEARCH,SYN-FNGS-20231227,2023-12-27T00:00:00Z,FNGS,TEA-FNGS,248.2,kg,ProductionReceipt,SYN-PROD-FNGS-20231227,SmartTea-Synthetic-Research,WH-MAIN,BIN-01,0.0,Synthetic research data — AI model demonstration
SYNTHETIC-RESEARCH,SYN-FNGS-20231228,2023-12-28T00:00:00Z,FNGS,TEA-FNGS,255.0,kg,ProductionReceipt,SYN-PROD-FNGS-20231228,SmartTea-Synthetic-Research,WH-MAIN,BIN-01,0.0,Synthetic research data — AI model demonstration
SYNTHETIC-RESEARCH,SYN-FNGS-20231229,2023-12-29T00:00:00Z,FNGS,TEA-FNGS,240.5,kg,ProductionReceipt,SYN-PROD-FNGS-20231229,SmartTea-Synthetic-Research,WH-MAIN,BIN-01,0.0,Synthetic research data — AI model demonstration
SYNTHETIC-RESEARCH,SYN-FNGS-20231230,2023-12-30T00:00:00Z,FNGS,TEA-FNGS,202.3,kg,ProductionReceipt,SYN-PROD-FNGS-20231230,SmartTea-Synthetic-Research,WH-MAIN,BIN-01,0.0,Synthetic research data — AI model demonstration
SYNTHETIC-RESEARCH,SYN-FNGS-20231231,2023-12-31T00:00:00Z,FNGS,TEA-FNGS,163.6,kg,ProductionReceipt,SYN-PROD-FNGS-20231231,SmartTea-Synthetic-Research,WH-MAIN,BIN-01,0.0,Synthetic research data — AI model demonstration
SYNTHETIC-RESEARCH,SYN-OP-20231002,2023-10-02T00:00:00Z,OP,TEA-OP,119.3,kg,ProductionReceipt,SYN-PROD-OP-20231002,SmartTea-Synthetic-Research,WH-MAIN,BIN-01,0.0,Synthetic research data — AI model demonstration
SYNTHETIC-RESEARCH,SYN-OP-20231003,2023-10-03T00:00:00Z,OP,TEA-OP,125.0,kg,ProductionReceipt,SYN-PROD-OP-20231003,SmartTea-Synthetic-Research,WH-MAIN,BIN-01,0.0,Synthetic research data — AI model demonstration
SYNTHETIC-RESEARCH,SYN-OP-20231004,2023-10-04T00:00:00Z,OP,TEA-OP,117.5,kg,ProductionReceipt,SYN-PROD-OP-20231004,SmartTea-Synthetic-Research,WH-MAIN,BIN-01,0.0,Synthetic research data — AI model demonstration
SYNTHETIC-RESEARCH,SYN-OP-20231005,2023-10-05T00:00:00Z,OP,TEA-OP,120.5,kg,ProductionReceipt,SYN-PROD-OP-20231005,SmartTea-Synthetic-Research,WH-MAIN,BIN-01,0.0,Synthetic research data — AI model demonstration
SYNTHETIC-RESEARCH,SYN-OP-20231006,2023-10-06T00:00:00Z,OP,TEA-OP,103.3,kg,ProductionReceipt,SYN-PROD-OP-20231006,SmartTea-Synthetic-Research,WH-MAIN,BIN-01,0.0,Synthetic research data — AI model demonstration
SYNTHETIC-RESEARCH,SYN-OP-20231007,2023-10-07T00:00:00Z,OP,TEA-OP,76.2,kg,ProductionReceipt,SYN-PROD-OP-20231007,SmartTea-Synthetic-Research,WH-MAIN,BIN-01,0.0,Synthetic research data — AI model demonstration
SYNTHETIC-RESEARCH,SYN-OP-20231008,2023-10-08T00:00:00Z,OP,TEA-OP,57.8,kg,ProductionReceipt,SYN-PROD-OP-20231008,SmartTea-Synthetic-Research,WH-MAIN,BIN-01,0.0,Synthetic research data — AI model demonstration
SYNTHETIC-RESEARCH,SYN-OP-20231009,2023-10-09T00:00:00Z,OP,TEA-OP,109.3,kg,ProductionReceipt,SYN-PROD-OP-20231009,SmartTea-Synthetic-Research,WH-MAIN,BIN-01,0.0,Synthetic research data — AI model demonstration
SYNTHETIC-RESEARCH,SYN-OP-20231010,2023-10-10T00:00:00Z,OP,TEA-OP,118.6,kg,ProductionReceipt,SYN-PROD-OP-20231010,SmartTea-Synthetic-Research,WH-MAIN,BIN-01,0.0,Synthetic research data — AI model demonstration
SYNTHETIC-RESEARCH,SYN-OP-20231011,2023-10-11T00:00:00Z,OP,TEA-OP,118.9,kg,ProductionReceipt,SYN-PROD-OP-20231011,SmartTea-Synthetic-Research,WH-MAIN,BIN-01,0.0,Synthetic research data — AI model demonstration
SYNTHETIC-RESEARCH,SYN-OP-20231012,2023-10-12T00:00:00Z,OP,TEA-OP,123.9,kg,ProductionReceipt,SYN-PROD-OP-20231012,SmartTea-Synthetic-Research,WH-MAIN,BIN-01,0.0,Synthetic research data — AI model demonstration
SYNTHETIC-RESEARCH,SYN-OP-20231013,2023-10-13T00:00:00Z,OP,TEA-OP,103.3,kg,ProductionReceipt,SYN-PROD-OP-20231013,SmartTea-Synthetic-Research,WH-MAIN,BIN-01,0.0,Synthetic research data — AI model demonstration
SYNTHETIC-RESEARCH,SYN-OP-20231014,2023-10-14T00:00:00Z,OP,TEA-OP,66.1,kg,ProductionReceipt,SYN-PROD-OP-20231014,SmartTea-Synthetic-Research,WH-MAIN,BIN-01,0.0,Synthetic research data — AI model demonstration
SYNTHETIC-RESEARCH,SYN-OP-20231015,2023-10-15T00:00:00Z,OP,TEA-OP,55.2,kg,ProductionReceipt,SYN-PROD-OP-20231015,SmartTea-Synthetic-Research,WH-MAIN,BIN-01,0.0,Synthetic research data — AI model demonstration
SYNTHETIC-RESEARCH,SYN-OP-20231016,2023-10-16T00:00:00Z,OP,TEA-OP,124.0,kg,ProductionReceipt,SYN-PROD-OP-20231016,SmartTea-Synthetic-Research,WH-MAIN,BIN-01,0.0,Synthetic research data — AI model demonstration
SYNTHETIC-RESEARCH,SYN-OP-20231017,2023-10-17T00:00:00Z,OP,TEA-OP,123.8,kg,ProductionReceipt,SYN-PROD-OP-20231017,SmartTea-Synthetic-Research,WH-MAIN,BIN-01,0.0,Synthetic research data — AI model demonstration
SYNTHETIC-RESEARCH,SYN-OP-20231018,2023-10-18T00:00:00Z,OP,TEA-OP,118.3,kg,ProductionReceipt,SYN-PROD-OP-20231018,SmartTea-Synthetic-Research,WH-MAIN,BIN-01,0.0,Synthetic research data — AI model demonstration
SYNTHETIC-RESEARCH,SYN-OP-20231019,2023-10-19T00:00:00Z,OP,TEA-OP,116.7,kg,ProductionReceipt,SYN-PROD-OP-20231019,SmartTea-Synthetic-Research,WH-MAIN,BIN-01,0.0,Synthetic research data — AI model demonstration
SYNTHETIC-RESEARCH,SYN-OP-20231020,2023-10-20T00:00:00Z,OP,TEA-OP,108.2,kg,ProductionReceipt,SYN-PROD-OP-20231020,SmartTea-Synthetic-Research,WH-MAIN,BIN-01,0.0,Synthetic research data — AI model demonstration
SYNTHETIC-RESEARCH,SYN-OP-20231021,2023-10-21T00:00:00Z,OP,TEA-OP,75.2,kg,ProductionReceipt,SYN-PROD-OP-20231021,SmartTea-Synthetic-Research,WH-MAIN,BIN-01,0.0,Synthetic research data — AI model demonstration
SYNTHETIC-RESEARCH,SYN-OP-20231022,2023-10-22T00:00:00Z,OP,TEA-OP,53.1,kg,ProductionReceipt,SYN-PROD-OP-20231022,SmartTea-Synthetic-Research,WH-MAIN,BIN-01,0.0,Synthetic research data — AI model demonstration
SYNTHETIC-RESEARCH,SYN-OP-20231023,2023-10-23T00:00:00Z,OP,TEA-OP,116.4,kg,ProductionReceipt,SYN-PROD-OP-20231023,SmartTea-Synthetic-Research,WH-MAIN,BIN-01,0.0,Synthetic research data — AI model demonstration
SYNTHETIC-RESEARCH,SYN-OP-20231024,2023-10-24T00:00:00Z,OP,TEA-OP,106.6,kg,ProductionReceipt,SYN-PROD-OP-20231024,SmartTea-Synthetic-Research,WH-MAIN,BIN-01,0.0,Synthetic research data — AI model demonstration
SYNTHETIC-RESEARCH,SYN-OP-20231025,2023-10-25T00:00:00Z,OP,TEA-OP,100.9,kg,ProductionReceipt,SYN-PROD-OP-20231025,SmartTea-Synthetic-Research,WH-MAIN,BIN-01,0.0,Synthetic research data — AI model demonstration
SYNTHETIC-RESEARCH,SYN-OP-20231026,2023-10-26T00:00:00Z,OP,TEA-OP,110.2,kg,ProductionReceipt,SYN-PROD-OP-20231026,SmartTea-Synthetic-Research,WH-MAIN,BIN-01,0.0,Synthetic research data — AI model demonstration
SYNTHETIC-RESEARCH,SYN-OP-20231027,2023-10-27T00:00:00Z,OP,TEA-OP,96.2,kg,ProductionReceipt,SYN-PROD-OP-20231027,SmartTea-Synthetic-Research,WH-MAIN,BIN-01,0.0,Synthetic research data — AI model demonstration
SYNTHETIC-RESEARCH,SYN-OP-20231028,2023-10-28T00:00:00Z,OP,TEA-OP,61.6,kg,ProductionReceipt,SYN-PROD-OP-20231028,SmartTea-Synthetic-Research,WH-MAIN,BIN-01,0.0,Synthetic research data — AI model demonstration
SYNTHETIC-RESEARCH,SYN-OP-20231029,2023-10-29T00:00:00Z,OP,TEA-OP,53.4,kg,ProductionReceipt,SYN-PROD-OP-20231029,SmartTea-Synthetic-Research,WH-MAIN,BIN-01,0.0,Synthetic research data — AI model demonstration
SYNTHETIC-RESEARCH,SYN-OP-20231030,2023-10-30T00:00:00Z,OP,TEA-OP,93.9,kg,ProductionReceipt,SYN-PROD-OP-20231030,SmartTea-Synthetic-Research,WH-MAIN,BIN-01,0.0,Synthetic research data — AI model demonstration
SYNTHETIC-RESEARCH,SYN-OP-20231031,2023-10-31T00:00:00Z,OP,TEA-OP,109.4,kg,ProductionReceipt,SYN-PROD-OP-20231031,SmartTea-Synthetic-Research,WH-MAIN,BIN-01,0.0,Synthetic research data — AI model demonstration
SYNTHETIC-RESEARCH,SYN-OP-20231101,2023-11-01T00:00:00Z,OP,TEA-OP,113.4,kg,ProductionReceipt,SYN-PROD-OP-20231101,SmartTea-Synthetic-Research,WH-MAIN,BIN-01,0.0,Synthetic research data — AI model demonstration
SYNTHETIC-RESEARCH,SYN-OP-20231102,2023-11-02T00:00:00Z,OP,TEA-OP,102.7,kg,ProductionReceipt,SYN-PROD-OP-20231102,SmartTea-Synthetic-Research,WH-MAIN,BIN-01,0.0,Synthetic research data — AI model demonstration
SYNTHETIC-RESEARCH,SYN-OP-20231103,2023-11-03T00:00:00Z,OP,TEA-OP,112.2,kg,ProductionReceipt,SYN-PROD-OP-20231103,SmartTea-Synthetic-Research,WH-MAIN,BIN-01,0.0,Synthetic research data — AI model demonstration
SYNTHETIC-RESEARCH,SYN-OP-20231104,2023-11-04T00:00:00Z,OP,TEA-OP,61.7,kg,ProductionReceipt,SYN-PROD-OP-20231104,SmartTea-Synthetic-Research,WH-MAIN,BIN-01,0.0,Synthetic research data — AI model demonstration
SYNTHETIC-RESEARCH,SYN-OP-20231105,2023-11-05T00:00:00Z,OP,TEA-OP,49.4,kg,ProductionReceipt,SYN-PROD-OP-20231105,SmartTea-Synthetic-Research,WH-MAIN,BIN-01,0.0,Synthetic research data — AI model demonstration
SYNTHETIC-RESEARCH,SYN-OP-20231106,2023-11-06T00:00:00Z,OP,TEA-OP,120.4,kg,ProductionReceipt,SYN-PROD-OP-20231106,SmartTea-Synthetic-Research,WH-MAIN,BIN-01,0.0,Synthetic research data — AI model demonstration
SYNTHETIC-RESEARCH,SYN-OP-20231107,2023-11-07T00:00:00Z,OP,TEA-OP,124.7,kg,ProductionReceipt,SYN-PROD-OP-20231107,SmartTea-Synthetic-Research,WH-MAIN,BIN-01,0.0,Synthetic research data — AI model demonstration
SYNTHETIC-RESEARCH,SYN-OP-20231108,2023-11-08T00:00:00Z,OP,TEA-OP,110.0,kg,ProductionReceipt,SYN-PROD-OP-20231108,SmartTea-Synthetic-Research,WH-MAIN,BIN-01,0.0,Synthetic research data — AI model demonstration
SYNTHETIC-RESEARCH,SYN-OP-20231109,2023-11-09T00:00:00Z,OP,TEA-OP,120.8,kg,ProductionReceipt,SYN-PROD-OP-20231109,SmartTea-Synthetic-Research,WH-MAIN,BIN-01,0.0,Synthetic research data — AI model demonstration
SYNTHETIC-RESEARCH,SYN-OP-20231110,2023-11-10T00:00:00Z,OP,TEA-OP,105.1,kg,ProductionReceipt,SYN-PROD-OP-20231110,SmartTea-Synthetic-Research,WH-MAIN,BIN-01,0.0,Synthetic research data — AI model demonstration
SYNTHETIC-RESEARCH,SYN-OP-20231111,2023-11-11T00:00:00Z,OP,TEA-OP,90.2,kg,ProductionReceipt,SYN-PROD-OP-20231111,SmartTea-Synthetic-Research,WH-MAIN,BIN-01,0.0,Synthetic research data — AI model demonstration
SYNTHETIC-RESEARCH,SYN-OP-20231112,2023-11-12T00:00:00Z,OP,TEA-OP,58.7,kg,ProductionReceipt,SYN-PROD-OP-20231112,SmartTea-Synthetic-Research,WH-MAIN,BIN-01,0.0,Synthetic research data — AI model demonstration
SYNTHETIC-RESEARCH,SYN-OP-20231113,2023-11-13T00:00:00Z,OP,TEA-OP,115.2,kg,ProductionReceipt,SYN-PROD-OP-20231113,SmartTea-Synthetic-Research,WH-MAIN,BIN-01,0.0,Synthetic research data — AI model demonstration
SYNTHETIC-RESEARCH,SYN-OP-20231114,2023-11-14T00:00:00Z,OP,TEA-OP,116.6,kg,ProductionReceipt,SYN-PROD-OP-20231114,SmartTea-Synthetic-Research,WH-MAIN,BIN-01,0.0,Synthetic research data — AI model demonstration
SYNTHETIC-RESEARCH,SYN-OP-20231115,2023-11-15T00:00:00Z,OP,TEA-OP,115.5,kg,ProductionReceipt,SYN-PROD-OP-20231115,SmartTea-Synthetic-Research,WH-MAIN,BIN-01,0.0,Synthetic research data — AI model demonstration
SYNTHETIC-RESEARCH,SYN-OP-20231116,2023-11-16T00:00:00Z,OP,TEA-OP,113.1,kg,ProductionReceipt,SYN-PROD-OP-20231116,SmartTea-Synthetic-Research,WH-MAIN,BIN-01,0.0,Synthetic research data — AI model demonstration
SYNTHETIC-RESEARCH,SYN-OP-20231117,2023-11-17T00:00:00Z,OP,TEA-OP,116.3,kg,ProductionReceipt,SYN-PROD-OP-20231117,SmartTea-Synthetic-Research,WH-MAIN,BIN-01,0.0,Synthetic research data — AI model demonstration
SYNTHETIC-RESEARCH,SYN-OP-20231118,2023-11-18T00:00:00Z,OP,TEA-OP,77.1,kg,ProductionReceipt,SYN-PROD-OP-20231118,SmartTea-Synthetic-Research,WH-MAIN,BIN-01,0.0,Synthetic research data — AI model demonstration
SYNTHETIC-RESEARCH,SYN-OP-20231119,2023-11-19T00:00:00Z,OP,TEA-OP,63.7,kg,ProductionReceipt,SYN-PROD-OP-20231119,SmartTea-Synthetic-Research,WH-MAIN,BIN-01,0.0,Synthetic research data — AI model demonstration
SYNTHETIC-RESEARCH,SYN-OP-20231120,2023-11-20T00:00:00Z,OP,TEA-OP,131.2,kg,ProductionReceipt,SYN-PROD-OP-20231120,SmartTea-Synthetic-Research,WH-MAIN,BIN-01,0.0,Synthetic research data — AI model demonstration
SYNTHETIC-RESEARCH,SYN-OP-20231121,2023-11-21T00:00:00Z,OP,TEA-OP,110.1,kg,ProductionReceipt,SYN-PROD-OP-20231121,SmartTea-Synthetic-Research,WH-MAIN,BIN-01,0.0,Synthetic research data — AI model demonstration
SYNTHETIC-RESEARCH,SYN-OP-20231122,2023-11-22T00:00:00Z,OP,TEA-OP,134.6,kg,ProductionReceipt,SYN-PROD-OP-20231122,SmartTea-Synthetic-Research,WH-MAIN,BIN-01,0.0,Synthetic research data — AI model demonstration
SYNTHETIC-RESEARCH,SYN-OP-20231123,2023-11-23T00:00:00Z,OP,TEA-OP,124.2,kg,ProductionReceipt,SYN-PROD-OP-20231123,SmartTea-Synthetic-Research,WH-MAIN,BIN-01,0.0,Synthetic research data — AI model demonstration
SYNTHETIC-RESEARCH,SYN-OP-20231124,2023-11-24T00:00:00Z,OP,TEA-OP,114.5,kg,ProductionReceipt,SYN-PROD-OP-20231124,SmartTea-Synthetic-Research,WH-MAIN,BIN-01,0.0,Synthetic research data — AI model demonstration
SYNTHETIC-RESEARCH,SYN-OP-20231125,2023-11-25T00:00:00Z,OP,TEA-OP,76.2,kg,ProductionReceipt,SYN-PROD-OP-20231125,SmartTea-Synthetic-Research,WH-MAIN,BIN-01,0.0,Synthetic research data — AI model demonstration
SYNTHETIC-RESEARCH,SYN-OP-20231126,2023-11-26T00:00:00Z,OP,TEA-OP,59.6,kg,ProductionReceipt,SYN-PROD-OP-20231126,SmartTea-Synthetic-Research,WH-MAIN,BIN-01,0.0,Synthetic research data — AI model demonstration
SYNTHETIC-RESEARCH,SYN-OP-20231127,2023-11-27T00:00:00Z,OP,TEA-OP,129.4,kg,ProductionReceipt,SYN-PROD-OP-20231127,SmartTea-Synthetic-Research,WH-MAIN,BIN-01,0.0,Synthetic research data — AI model demonstration
SYNTHETIC-RESEARCH,SYN-OP-20231128,2023-11-28T00:00:00Z,OP,TEA-OP,149.9,kg,ProductionReceipt,SYN-PROD-OP-20231128,SmartTea-Synthetic-Research,WH-MAIN,BIN-01,0.0,Synthetic research data — AI model demonstration
SYNTHETIC-RESEARCH,SYN-OP-20231129,2023-11-29T00:00:00Z,OP,TEA-OP,138.5,kg,ProductionReceipt,SYN-PROD-OP-20231129,SmartTea-Synthetic-Research,WH-MAIN,BIN-01,0.0,Synthetic research data — AI model demonstration
SYNTHETIC-RESEARCH,SYN-OP-20231130,2023-11-30T00:00:00Z,OP,TEA-OP,138.9,kg,ProductionReceipt,SYN-PROD-OP-20231130,SmartTea-Synthetic-Research,WH-MAIN,BIN-01,0.0,Synthetic research data — AI model demonstration
SYNTHETIC-RESEARCH,SYN-OP-20231201,2023-12-01T00:00:00Z,OP,TEA-OP,116.1,kg,ProductionReceipt,SYN-PROD-OP-20231201,SmartTea-Synthetic-Research,WH-MAIN,BIN-01,0.0,Synthetic research data — AI model demonstration
SYNTHETIC-RESEARCH,SYN-OP-20231202,2023-12-02T00:00:00Z,OP,TEA-OP,84.1,kg,ProductionReceipt,SYN-PROD-OP-20231202,SmartTea-Synthetic-Research,WH-MAIN,BIN-01,0.0,Synthetic research data — AI model demonstration
SYNTHETIC-RESEARCH,SYN-OP-20231203,2023-12-03T00:00:00Z,OP,TEA-OP,65.8,kg,ProductionReceipt,SYN-PROD-OP-20231203,SmartTea-Synthetic-Research,WH-MAIN,BIN-01,0.0,Synthetic research data — AI model demonstration
SYNTHETIC-RESEARCH,SYN-OP-20231204,2023-12-04T00:00:00Z,OP,TEA-OP,128.9,kg,ProductionReceipt,SYN-PROD-OP-20231204,SmartTea-Synthetic-Research,WH-MAIN,BIN-01,0.0,Synthetic research data — AI model demonstration
SYNTHETIC-RESEARCH,SYN-OP-20231205,2023-12-05T00:00:00Z,OP,TEA-OP,124.6,kg,ProductionReceipt,SYN-PROD-OP-20231205,SmartTea-Synthetic-Research,WH-MAIN,BIN-01,0.0,Synthetic research data — AI model demonstration
SYNTHETIC-RESEARCH,SYN-OP-20231206,2023-12-06T00:00:00Z,OP,TEA-OP,132.7,kg,ProductionReceipt,SYN-PROD-OP-20231206,SmartTea-Synthetic-Research,WH-MAIN,BIN-01,0.0,Synthetic research data — AI model demonstration
SYNTHETIC-RESEARCH,SYN-OP-20231207,2023-12-07T00:00:00Z,OP,TEA-OP,132.5,kg,ProductionReceipt,SYN-PROD-OP-20231207,SmartTea-Synthetic-Research,WH-MAIN,BIN-01,0.0,Synthetic research data — AI model demonstration
SYNTHETIC-RESEARCH,SYN-OP-20231208,2023-12-08T00:00:00Z,OP,TEA-OP,123.1,kg,ProductionReceipt,SYN-PROD-OP-20231208,SmartTea-Synthetic-Research,WH-MAIN,BIN-01,0.0,Synthetic research data — AI model demonstration
SYNTHETIC-RESEARCH,SYN-OP-20231209,2023-12-09T00:00:00Z,OP,TEA-OP,96.3,kg,ProductionReceipt,SYN-PROD-OP-20231209,SmartTea-Synthetic-Research,WH-MAIN,BIN-01,0.0,Synthetic research data — AI model demonstration
SYNTHETIC-RESEARCH,SYN-OP-20231210,2023-12-10T00:00:00Z,OP,TEA-OP,81.0,kg,ProductionReceipt,SYN-PROD-OP-20231210,SmartTea-Synthetic-Research,WH-MAIN,BIN-01,0.0,Synthetic research data — AI model demonstration
SYNTHETIC-RESEARCH,SYN-OP-20231211,2023-12-11T00:00:00Z,OP,TEA-OP,139.3,kg,ProductionReceipt,SYN-PROD-OP-20231211,SmartTea-Synthetic-Research,WH-MAIN,BIN-01,0.0,Synthetic research data — AI model demonstration
SYNTHETIC-RESEARCH,SYN-OP-20231212,2023-12-12T00:00:00Z,OP,TEA-OP,142.2,kg,ProductionReceipt,SYN-PROD-OP-20231212,SmartTea-Synthetic-Research,WH-MAIN,BIN-01,0.0,Synthetic research data — AI model demonstration
SYNTHETIC-RESEARCH,SYN-OP-20231213,2023-12-13T00:00:00Z,OP,TEA-OP,130.9,kg,ProductionReceipt,SYN-PROD-OP-20231213,SmartTea-Synthetic-Research,WH-MAIN,BIN-01,0.0,Synthetic research data — AI model demonstration
SYNTHETIC-RESEARCH,SYN-OP-20231214,2023-12-14T00:00:00Z,OP,TEA-OP,139.5,kg,ProductionReceipt,SYN-PROD-OP-20231214,SmartTea-Synthetic-Research,WH-MAIN,BIN-01,0.0,Synthetic research data — AI model demonstration
SYNTHETIC-RESEARCH,SYN-OP-20231215,2023-12-15T00:00:00Z,OP,TEA-OP,124.4,kg,ProductionReceipt,SYN-PROD-OP-20231215,SmartTea-Synthetic-Research,WH-MAIN,BIN-01,0.0,Synthetic research data — AI model demonstration
SYNTHETIC-RESEARCH,SYN-OP-20231216,2023-12-16T00:00:00Z,OP,TEA-OP,105.8,kg,ProductionReceipt,SYN-PROD-OP-20231216,SmartTea-Synthetic-Research,WH-MAIN,BIN-01,0.0,Synthetic research data — AI model demonstration
SYNTHETIC-RESEARCH,SYN-OP-20231217,2023-12-17T00:00:00Z,OP,TEA-OP,92.0,kg,ProductionReceipt,SYN-PROD-OP-20231217,SmartTea-Synthetic-Research,WH-MAIN,BIN-01,0.0,Synthetic research data — AI model demonstration
SYNTHETIC-RESEARCH,SYN-OP-20231218,2023-12-18T00:00:00Z,OP,TEA-OP,153.2,kg,ProductionReceipt,SYN-PROD-OP-20231218,SmartTea-Synthetic-Research,WH-MAIN,BIN-01,0.0,Synthetic research data — AI model demonstration
SYNTHETIC-RESEARCH,SYN-OP-20231219,2023-12-19T00:00:00Z,OP,TEA-OP,158.8,kg,ProductionReceipt,SYN-PROD-OP-20231219,SmartTea-Synthetic-Research,WH-MAIN,BIN-01,0.0,Synthetic research data — AI model demonstration
SYNTHETIC-RESEARCH,SYN-OP-20231220,2023-12-20T00:00:00Z,OP,TEA-OP,169.0,kg,ProductionReceipt,SYN-PROD-OP-20231220,SmartTea-Synthetic-Research,WH-MAIN,BIN-01,0.0,Synthetic research data — AI model demonstration
SYNTHETIC-RESEARCH,SYN-OP-20231221,2023-12-21T00:00:00Z,OP,TEA-OP,164.8,kg,ProductionReceipt,SYN-PROD-OP-20231221,SmartTea-Synthetic-Research,WH-MAIN,BIN-01,0.0,Synthetic research data — AI model demonstration
SYNTHETIC-RESEARCH,SYN-OP-20231222,2023-12-22T00:00:00Z,OP,TEA-OP,150.9,kg,ProductionReceipt,SYN-PROD-OP-20231222,SmartTea-Synthetic-Research,WH-MAIN,BIN-01,0.0,Synthetic research data — AI model demonstration
SYNTHETIC-RESEARCH,SYN-OP-20231223,2023-12-23T00:00:00Z,OP,TEA-OP,116.3,kg,ProductionReceipt,SYN-PROD-OP-20231223,SmartTea-Synthetic-Research,WH-MAIN,BIN-01,0.0,Synthetic research data — AI model demonstration
SYNTHETIC-RESEARCH,SYN-OP-20231224,2023-12-24T00:00:00Z,OP,TEA-OP,117.2,kg,ProductionReceipt,SYN-PROD-OP-20231224,SmartTea-Synthetic-Research,WH-MAIN,BIN-01,0.0,Synthetic research data — AI model demonstration
SYNTHETIC-RESEARCH,SYN-OP-20231225,2023-12-25T00:00:00Z,OP,TEA-OP,169.7,kg,ProductionReceipt,SYN-PROD-OP-20231225,SmartTea-Synthetic-Research,WH-MAIN,BIN-01,0.0,Synthetic research data — AI model demonstration
SYNTHETIC-RESEARCH,SYN-OP-20231226,2023-12-26T00:00:00Z,OP,TEA-OP,168.9,kg,ProductionReceipt,SYN-PROD-OP-20231226,SmartTea-Synthetic-Research,WH-MAIN,BIN-01,0.0,Synthetic research data — AI model demonstration
SYNTHETIC-RESEARCH,SYN-OP-20231227,2023-12-27T00:00:00Z,OP,TEA-OP,170.4,kg,ProductionReceipt,SYN-PROD-OP-20231227,SmartTea-Synthetic-Research,WH-MAIN,BIN-01,0.0,Synthetic research data — AI model demonstration
SYNTHETIC-RESEARCH,SYN-OP-20231228,2023-12-28T00:00:00Z,OP,TEA-OP,168.5,kg,ProductionReceipt,SYN-PROD-OP-20231228,SmartTea-Synthetic-Research,WH-MAIN,BIN-01,0.0,Synthetic research data — AI model demonstration
SYNTHETIC-RESEARCH,SYN-OP-20231229,2023-12-29T00:00:00Z,OP,TEA-OP,162.7,kg,ProductionReceipt,SYN-PROD-OP-20231229,SmartTea-Synthetic-Research,WH-MAIN,BIN-01,0.0,Synthetic research data — AI model demonstration
SYNTHETIC-RESEARCH,SYN-OP-20231230,2023-12-30T00:00:00Z,OP,TEA-OP,140.9,kg,ProductionReceipt,SYN-PROD-OP-20231230,SmartTea-Synthetic-Research,WH-MAIN,BIN-01,0.0,Synthetic research data — AI model demonstration
SYNTHETIC-RESEARCH,SYN-OP-20231231,2023-12-31T00:00:00Z,OP,TEA-OP,113.5,kg,ProductionReceipt,SYN-PROD-OP-20231231,SmartTea-Synthetic-Research,WH-MAIN,BIN-01,0.0,Synthetic research data — AI model demonstration
