Date,TeaPrice_USD_kg,Decade,change_pct
1960-01-01,0.9303009,1960,
1960-02-01,0.9303009,1960,0.0
1960-03-01,0.9303009,1960,0.0
1960-04-01,0.9303009,1960,0.0
1960-05-01,0.9303009,1960,0.0
1960-06-01,0.9303009,1960,0.0
1960-07-01,0.9303009,1960,0.0
1960-08-01,0.9303009,1960,0.0
1960-09-01,0.9303009,1960,0.0
1960-10-01,0.9303009,1960,0.0
1960-11-01,0.9303009,1960,0.0
1960-12-01,0.9303009,1960,0.0
1961-01-01,0.8925009,1960,-4.063201486744772
1961-02-01,0.8925009,1960,0.0
1961-03-01,0.8925009,1960,0.0
1961-04-01,0.8925009,1960,0.0
1961-05-01,0.8925009,1960,0.0
1961-06-01,0.8925009,1960,0.0
1961-07-01,0.8925009,1960,0.0
1961-08-01,0.8925009,1960,0.0
1961-09-01,0.8925009,1960,0.0
1961-10-01,0.8925009,1960,0.0
1961-11-01,0.8925009,1960,0.0
1961-12-01,0.8925009,1960,0.0
1962-01-01,0.8610009,1960,-3.5294082056387954
1962-02-01,0.8610009,1960,0.0
1962-03-01,0.8610009,1960,0.0
1962-04-01,0.8610009,1960,0.0
1962-05-01,0.8610009,1960,0.0
1962-06-01,0.8610009,1960,0.0
1962-07-01,0.8610009,1960,0.0
1962-08-01,0.8610009,1960,0.0
1962-09-01,0.8610009,1960,0.0
1962-10-01,0.8610009,1960,0.0
1962-11-01,0.8610009,1960,0.0
1962-12-01,0.8610009,1960,0.0
1963-01-01,0.8148008,1960,-5.365859664025896
1963-02-01,0.8148008,1960,0.0
1963-03-01,0.8148008,1960,0.0
1963-04-01,0.8148008,1960,0.0
1963-05-01,0.8148008,1960,0.0
1963-06-01,0.8148008,1960,0.0
1963-07-01,0.8148008,1960,0.0
1963-08-01,0.8148008,1960,0.0
1963-09-01,0.8148008,1960,0.0
1963-10-01,0.8148008,1960,0.0
1963-11-01,0.8148008,1960,0.0
1963-12-01,0.8148008,1960,0.0
1964-01-01,0.8190008,1960,0.5154634114252099
1964-02-01,0.8190008,1960,0.0
1964-03-01,0.8190008,1960,0.0
1964-04-01,0.8190008,1960,0.0
1964-05-01,0.8190008,1960,0.0
1964-06-01,0.8190008,1960,0.0
1964-07-01,0.8190008,1960,0.0
1964-08-01,0.8190008,1960,0.0
1964-09-01,0.8190008,1960,0.0
1964-10-01,0.8190008,1960,0.0
1964-11-01,0.8190008,1960,0.0
1964-12-01,0.8190008,1960,0.0
1965-01-01,0.8463009,1960,3.3333422873335516
1965-02-01,0.8463009,1960,0.0
1965-03-01,0.8463009,1960,0.0
1965-04-01,0.8463009,1960,0.0
1965-05-01,0.8463009,1960,0.0
1965-06-01,0.8463009,1960,0.0
1965-07-01,0.8463009,1960,0.0
1965-08-01,0.8463009,1960,0.0
1965-09-01,0.8463009,1960,0.0
1965-10-01,0.8463009,1960,0.0
1965-11-01,0.8463009,1960,0.0
1965-12-01,0.8463009,1960,0.0
1966-01-01,0.7602008,1960,-10.17369826736566
1966-02-01,0.7602008,1960,0.0
1966-03-01,0.7602008,1960,0.0
1966-04-01,0.7602008,1960,0.0
1966-05-01,0.7602008,1960,0.0
1966-06-01,0.7602008,1960,0.0
1966-07-01,0.7602008,1960,0.0
1966-08-01,0.7602008,1960,0.0
1966-09-01,0.7602008,1960,0.0
1966-10-01,0.7602008,1960,0.0
1966-11-01,0.7602008,1960,0.0
1966-12-01,0.7602008,1960,0.0
1967-01-01,0.7308007,1960,-3.867412399460779
1967-02-01,0.7308007,1960,0.0
1967-03-01,0.7308007,1960,0.0
1967-04-01,0.7308007,1960,0.0
1967-05-01,0.7308007,1960,0.0
1967-06-01,0.7308007,1960,0.0
1967-07-01,0.7308007,1960,0.0
1967-08-01,0.7308007,1960,0.0
1967-09-01,0.7308007,1960,0.0
1967-10-01,0.7308007,1960,0.0
1967-11-01,0.7308007,1960,0.0
1967-12-01,0.5846411,1960,-19.999926108445155
1968-01-01,0.6770413,1960,15.804602173880689
1968-02-01,0.6770413,1960,0.0
1968-03-01,0.6770413,1960,0.0
1968-04-01,0.6770413,1960,0.0
1968-05-01,0.6770413,1960,0.0
1968-06-01,0.6770413,1960,0.0
1968-07-01,0.6770413,1960,0.0
1968-08-01,0.6770413,1960,0.0
1968-09-01,0.6770413,1960,0.0
1968-10-01,0.6770413,1960,0.0
1968-11-01,0.6770413,1960,0.0
1968-12-01,0.6770413,1960,0.0
1969-01-01,0.5964011,1960,-11.91067664557538
1969-02-01,0.5964011,1960,0.0
1969-03-01,0.5964011,1960,0.0
1969-04-01,0.5964011,1960,0.0
1969-05-01,0.5964011,1960,0.0
1969-06-01,0.5964011,1960,0.0
1969-07-01,0.5964011,1960,0.0
1969-08-01,0.5964011,1960,0.0
1969-09-01,0.5964011,1960,0.0
1969-10-01,0.5964011,1960,0.0
1969-11-01,0.5964011,1960,0.0
1969-12-01,0.5964011,1960,0.0
1970-01-01,0.6266412,1970,5.070429950581912
1970-02-01,0.6266412,1970,0.0
1970-03-01,0.6266412,1970,0.0
1970-04-01,0.6266412,1970,0.0
1970-05-01,0.6266412,1970,0.0
1970-06-01,0.6266412,1970,0.0
1970-07-01,0.6266412,1970,0.0
1970-08-01,0.6266412,1970,0.0
1970-09-01,0.6266412,1970,0.0
1970-10-01,0.6266412,1970,0.0
1970-11-01,0.6266412,1970,0.0
1970-12-01,0.6266412,1970,0.0
1971-01-01,0.6383995,1970,1.8764007218165624
1971-02-01,0.6695995,1970,4.8872218728241545
1971-03-01,0.7031994,1970,5.017909959610178
1971-04-01,0.6455995,1970,-8.191119048167561
1971-05-01,0.6551995,1970,1.4869899992177915
1971-06-01,0.6359995,1970,-2.9304051666706132
1971-07-01,0.6335995,1970,-0.37735878723176297
1971-08-01,0.7128694,1970,12.511042069951127
1971-09-01,0.7260927,1970,1.8549400493274248
1971-10-01,0.7049534,1970,-2.911377569282836
1971-11-01,0.6930543,1970,-1.687927173625936
1971-12-01,0.7022277,1970,1.3236192315666973
1972-01-01,0.7460141,1970,6.235356423564609
1972-02-01,0.782494,1970,4.889974599675795
1972-03-01,0.8244459,1970,5.3613062847766235
1972-04-01,0.809854,1970,-1.7699038833233316
1972-05-01,0.802558,1970,-0.9009031257485867
1972-06-01,0.7350701,1970,-8.409099404653631
1972-07-01,0.5455723,1970,-25.77955490231475
1972-08-01,0.6359375,1970,16.563377576170947
1972-09-01,0.69375,1970,9.090909090909083
1972-10-01,0.632931,1970,-8.7667027027027
1972-11-01,0.5837871,1970,-7.764495655924586
1972-12-01,0.6031651,1970,3.3193607738163378
1973-01-01,0.6023916,1970,-0.12824017835249002
1973-02-01,0.6574131,1970,9.133842503779931
1973-03-01,0.6958561,1970,5.847616970212499
1973-04-01,0.6926475,1970,-0.4611010810999572
1973-05-01,0.6361446,1970,-8.157526014314643
1973-06-01,0.6047198,1970,-4.939883164928216
1973-07-01,0.6309969,1970,4.345334814570312
1973-08-01,0.7366071,1970,16.73703943711926
1973-09-01,0.7370892,1970,0.06544873108065286
1973-10-01,0.6696567,1970,-9.148485692098053
1973-11-01,0.6302457,1970,-5.885254340022284
1973-12-01,0.6453541,1970,2.397223812871707
1974-01-01,0.6764275,1970,4.814938031694527
1974-02-01,0.6921172,1970,2.319494698249258
1974-03-01,0.8626103,1970,24.633559171770347
1974-04-01,0.8622277,1970,-0.0443537481525591
1974-05-01,0.8406738,1970,-2.4997921082795194
1974-06-01,0.9076923,1970,7.971998175749029
1974-07-01,0.9263513,1970,2.0556525597936526
1974-08-01,0.9663738,1970,4.320445170207021
1974-09-01,0.9606205,1970,-0.5953493358367035
1974-10-01,0.9605361,1970,-0.00878598780683637
1974-11-01,0.9980577,1970,3.90631856522623
1974-12-01,1.024951,1970,2.694563650979287
1975-01-01,1.018491,1970,-0.6302740326122769
1975-02-01,1.064124,1970,4.48045196275666
1975-03-01,1.032988,1970,-2.925974792411412
1975-04-01,0.9577421,1970,-7.284295654935002
1975-05-01,0.9003745,1970,-5.989879739023696
1975-06-01,0.8458949,1970,-6.05077109580513
1975-07-01,0.8252288,1970,-2.4431049294658225
1975-08-01,0.8585998,1970,4.043848203068046
1975-09-01,0.7955002,1970,-7.349128196861921
1975-10-01,0.7523885,1970,-5.419445526223621
1975-11-01,0.7567781,1970,0.5834219954185871
1975-12-01,0.7688305,1970,1.5925936545996722
1976-01-01,0.8582912,1970,11.635945764378498
1976-02-01,0.8180993,1970,-4.682781321770523
1976-03-01,0.8459291,1970,3.401763086705989
1976-04-01,0.8870181,1970,4.8572628604454104
1976-05-01,0.8645025,1970,-2.538347300917543
1976-06-01,0.8578686,1970,-0.7673662019485161
1976-07-01,0.9470046,1970,10.390402446248759
1976-08-01,1.031106,1970,8.88078051574408
1976-09-01,1.005054,1970,-2.5266073517174914
1976-10-01,1.023298,1970,1.8152258485613748
1976-11-01,0.983945,1970,-3.845702815797558
1976-12-01,1.008692,1970,2.515079603026593
1977-01-01,1.155074,1970,14.512061164359391
1977-02-01,1.695557,1970,46.792067001767855
1977-03-01,2.423106,1970,42.90914431068966
1977-04-01,3.55888,1970,46.872650226609956
1977-05-01,2.2605,1970,-36.48282605763611
1977-06-01,1.631897,1970,-27.8081397920814
1977-07-01,1.618172,1970,-0.8410457277634564
1977-08-01,1.550663,1970,-4.171929807214559
1977-09-01,1.349386,1970,-12.980060786902115
1977-10-01,1.358385,1970,0.6668959067309022
1977-11-01,0.9689543,1970,-28.668654321123977
1977-12-01,0.7794351,1970,-19.559147423155043
1978-01-01,0.7810781,1970,0.21079368891649963
1978-02-01,0.9166232,1970,17.3535911453669
1978-03-01,0.8489283,1970,-7.385248376868492
1978-04-01,0.7104277,1970,-16.31475826639305
1978-05-01,0.6708622,1970,-5.569250748527965
1978-06-01,0.617284,1970,-7.986468756176734
1978-07-01,0.6606127,1970,7.0192488384601015
1978-08-01,0.734315,1970,11.15665805395507
1978-09-01,0.7284557,1970,-0.7979273200193426
1978-10-01,0.8175819,1970,12.234951281182905
1978-11-01,0.7581204,1970,-7.272849362247369
1978-12-01,0.7035919,1970,-7.192591044905261
1979-01-01,0.7077935,1970,0.5971643505276125
1979-02-01,0.6953493,1970,-1.7581681662801385
1979-03-01,0.6664514,1970,-4.1558825183256705
1979-04-01,0.6247182,1970,-6.262002000445943
1979-05-01,0.5221966,1970,-16.410855326449592
1979-06-01,0.4341979,1970,-16.851641699697005
1979-07-01,0.6540679,1970,50.63819977019695
1979-08-01,0.9279077,1970,41.867182291012895
1979-09-01,0.9617354,1970,3.645588887774087
1979-10-01,0.9641627,1970,0.2523875070003623
1979-11-01,0.9223581,1970,-4.335844977201475
1979-12-01,1.313053,1970,42.35826627423776
1980-01-01,1.185947,1980,-9.680188080755304
1980-02-01,1.174774,1980,-0.94211630030685
1980-03-01,1.141416,1980,-2.8395248788277594
1980-04-01,1.129668,1980,-1.0292478815786765
1980-05-01,1.145053,1980,1.3619045595697266
1980-06-01,1.142911,1980,-0.18706557687723224
1980-07-01,1.139642,1980,-0.2860240211180032
1980-08-01,1.108826,1980,-2.704007047827295
1980-09-01,1.080715,1980,-2.535203900341443
1980-10-01,1.052541,1980,-2.606977787853426
1980-11-01,1.020829,1980,-3.0128992599813165
1980-12-01,1.014052,1980,-0.663872205824878
1981-01-01,1.088045,1980,7.296765846327413
1981-02-01,1.22602,1980,12.681001245352919
1981-03-01,1.224591,1980,-0.11655601050555298
1981-04-01,1.085859,1980,-11.328843671070587
1981-05-01,0.9864128,1980,-9.158297716370168
1981-06-01,0.8991826,1980,-8.843173973411533
1981-07-01,0.845695,1980,-5.94846919858103
1981-08-01,0.8233915,1980,-2.6372983167690434
1981-09-01,1.031127,1980,25.22924999833005
1981-10-01,0.737933,1980,-28.434324772797137
1981-11-01,0.8342879,1980,13.057404940556939
1981-12-01,0.8967299,1980,7.484466693092395
1982-01-01,0.9501384,1980,5.955918275949101
1982-02-01,0.9857177,1980,3.7446439381883634
1982-03-01,1.02176,1980,3.6564525522875257
1982-04-01,1.054616,1980,3.2156279361102325
1982-05-01,1.06383,1980,0.8736829329348383
1982-06-01,0.9898171,1980,-6.9572112085577675
1982-07-01,1.092933,1980,10.417672113363153
1982-08-01,1.272562,1980,16.43549970583742
1982-09-01,1.468605,1980,15.405379069939219
1982-10-01,1.300871,1980,-11.421314785119197
1982-11-01,1.30137,1980,0.038358914911618136
1982-12-01,1.237425,1980,-4.913667903824425
1983-01-01,1.3767,1980,11.255227589550888
1983-02-01,1.500712,1980,9.007917483838156
1983-03-01,1.703072,1980,13.484266135007905
1983-04-01,1.783179,1980,4.703676650194488
1983-05-01,1.954458,1980,9.60526116559246
1983-06-01,2.014835,1980,3.089194037426246
1983-07-01,1.654375,1980,-17.890298709323606
1983-08-01,1.844296,1980,11.479924442765398
1983-09-01,1.908979,1980,3.507191904119522
1983-10-01,1.926339,1980,0.9093866407121398
1983-11-01,2.22665,1980,15.58972745710905
1983-12-01,2.392263,1980,7.437765252733919
1984-01-01,2.841424,1980,18.775569408547476
1984-02-01,2.645103,1980,-6.9092469128155365
1984-03-01,2.665368,1980,0.7661327366079718
1984-04-01,2.726983,1980,2.3116882921982995
1984-05-01,2.527433,1980,-7.317610707510836
1984-06-01,2.196615,1980,-13.089090788954639
1984-07-01,2.136993,1980,-2.714267179273566
1984-08-01,2.26003,1980,5.757482593532126
1984-09-01,2.534094,1980,12.126564691619146
1984-10-01,2.508304,1980,-1.017720731748717
1984-11-01,2.511128,1980,0.11258603422870106
1984-12-01,2.45067,1980,-2.4076032762965327
1985-01-01,2.313555,1980,-5.595000550869766
1985-02-01,2.125491,1980,-8.12878881202307
1985-03-01,1.728791,1980,-18.66392283006608
1985-04-01,1.606155,1980,-7.093743546790787
1985-05-01,1.398642,1980,-12.91986140814554
1985-06-01,1.15609,1980,-17.34196456276873
1985-07-01,1.247392,1980,7.897482029945757
1985-08-01,1.270601,1980,1.860601959929209
1985-09-01,1.243525,1980,-2.1309600732251965
1985-10-01,1.152513,1980,-7.3188717556945
1985-11-01,1.09977,1980,-4.576347511915269
1985-12-01,1.137707,1980,3.449539449157557
1986-01-01,1.096164,1980,-3.6514673813205056
1986-02-01,1.136248,1980,3.656752091840265
1986-03-01,1.141295,1980,0.44418119987890137
1986-04-01,1.050301,1980,-7.972872920673446
1986-05-01,0.9781168,1980,-6.872715535832096
1986-06-01,0.8951004,1980,-8.487370833421936
1986-07-01,0.914082,1980,2.120611274444739
1986-08-01,1.055938,1980,15.518957817788781
1986-09-01,1.028959,1980,-2.554979553723802
1986-10-01,1.091428,1980,6.071087380546758
1986-11-01,1.405932,1980,28.815826605144814
1986-12-01,1.508766,1980,7.314294005684485
1987-01-01,1.50154,1980,-0.4789344404632634
1987-02-01,1.348832,1980,-10.170092038840128
1987-03-01,1.425492,1980,5.683435742924248
1987-04-01,1.373472,1980,-3.6492663585625196
1987-05-01,1.145697,1980,-16.58388376319284
1987-06-01,1.192028,1980,4.043913879498695
1987-07-01,1.317017,1980,10.48540806088447
1987-08-01,1.444868,1980,9.707619567553039
1987-09-01,1.358648,1980,-5.967327119155518
1987-10-01,1.386792,1980,2.0714710506326783
1987-11-01,1.34024,1980,-3.3568119804556096
1987-12-01,1.352861,1980,0.9416970094908272
1988-01-01,1.487373,1980,9.94278052216746
1988-02-01,1.574425,1980,5.852734989810893
1988-03-01,1.504356,1980,-4.4504501643457095
1988-04-01,1.479805,1980,-1.631994022691441
1988-05-01,1.343664,1980,-9.199928368940501
1988-06-01,1.335542,1980,-0.6044665928386816
1988-07-01,1.235329,1980,-7.503545377082865
1988-08-01,1.229864,1980,-0.4423922695897087
1988-09-01,1.206661,1980,-1.8866313673707058
1988-10-01,1.290978,1980,6.987629499917536
1988-11-01,1.338671,1980,3.694330964586534
1988-12-01,1.315231,1980,-1.7509903478898026
1989-01-01,1.264194,1980,-3.880459022027305
1989-02-01,1.345096,1980,6.399492482957525
1989-03-01,1.445718,1980,7.480655655804491
1989-04-01,1.474706,1980,2.005093662802837
1989-05-01,1.529357,1980,3.705891208145884
1989-06-01,1.408907,1980,-7.875858939410496
1989-07-01,1.343868,1980,-4.616273465885246
1989-08-01,1.400408,1980,4.207258450978824
1989-09-01,1.792773,1980,28.01790621019016
1989-10-01,1.8325,1980,2.215952605265703
1989-11-01,1.73075,1980,-5.5525238744884025
1989-12-01,1.78325,1980,3.0333670374115274
1990-01-01,1.891,1990,6.0423384270293035
1990-02-01,2.013,1990,6.451612903225801
1990-03-01,3.01675,1990,49.86338797814209
1990-04-01,1.889,1990,-37.38294522250767
1990-05-01,1.79,1990,-5.240868184224457
1990-06-01,1.6005,1990,-10.586592178770948
1990-07-01,1.5945,1990,-0.37488284910965897
1990-08-01,1.738076,1990,9.004452806522423
1990-09-01,1.79421,1990,3.2296631447646718
1990-10-01,1.821184,1990,1.503391464767212
1990-11-01,1.69526,1990,-6.91440293786899
1990-12-01,1.683902,1990,-0.6699857249035546
1991-01-01,1.678834,1990,-0.3009676335083644
1991-02-01,1.642343,1990,-2.173591909622974
1991-03-01,1.740283,1990,5.963431512174977
1991-04-01,1.634483,1990,-6.0794709825930715
1991-05-01,1.586256,1990,-2.9505966106713744
1991-06-01,1.515269,1990,-4.475128856880617
1991-07-01,1.230142,1990,-18.816922935795553
1991-08-01,1.232421,1990,0.18526316474032356
1991-09-01,1.236162,1990,0.3035488684467458
1991-10-01,1.249466,1990,1.0762343446894418
1991-11-01,1.209253,1990,-3.2184149068482104
1991-12-01,1.202926,1990,-0.52321557192746
1992-01-01,1.267087,1990,5.333744552865283
1992-02-01,1.229947,1990,-2.9311325899484597
1992-03-01,1.341158,1990,9.04193432725151
1992-04-01,1.54378,1990,15.107988767915481
1992-05-01,1.572503,1990,1.860563033592877
1992-06-01,1.402295,1990,-10.824017505848948
1992-07-01,1.307172,1990,-6.783380101904379
1992-08-01,1.58783,1990,21.470625135789323
1992-09-01,1.541156,1990,-2.9394834459608443
1992-10-01,1.600387,1990,3.8432838726254914
1992-11-01,1.536286,1990,-4.005343707490749
1992-12-01,1.402072,1990,-8.736263950852907
1993-01-01,1.503645,1990,7.244492436907657
1993-02-01,1.590484,1990,5.77523285083914
1993-03-01,1.545754,1990,-2.812351460310192
1993-04-01,1.491452,1990,-3.512978132354827
1993-05-01,1.320317,1990,-11.474388716499096
1993-06-01,1.348695,1990,2.1493323194354153
1993-07-01,1.327859,1990,-1.5449008115252183
1993-08-01,1.386884,1990,4.4451255743267915
1993-09-01,1.524164,1990,9.898448608535393
1993-10-01,1.486562,1990,-2.4670573507837856
1993-11-01,1.40598,1990,-5.420695537757592
1993-12-01,1.376271,1990,-2.113045704775318
1994-01-01,1.383476,1990,0.5235160807718797
1994-02-01,1.4139,1990,2.1990985026122623
1994-03-01,1.399083,1990,-1.0479524718862598
1994-04-01,1.27765,1990,-8.67947076763853
1994-05-01,1.178077,1990,-7.793448910108392
1994-06-01,1.224481,1990,3.9389615449584303
1994-07-01,1.216221,1990,-0.6745715123386953
1994-08-01,1.349189,1990,10.932881441777443
1994-09-01,1.421099,1990,5.329868535838922
1994-10-01,1.430328,1990,0.6494269575870515
1994-11-01,1.349938,1990,-5.620389169477214
1994-12-01,1.327972,1990,-1.627185841127532
1995-01-01,1.364262,1990,2.7327383408686456
1995-02-01,1.377246,1990,0.9517233493273158
1995-03-01,1.363096,1990,-1.0274126771832925
1995-04-01,1.361928,1990,-0.08568728834946748
1995-05-01,1.308731,1990,-3.9060067786255925
1995-06-01,1.204146,1990,-7.991329004967418
1995-07-01,1.222782,1990,1.547652859370885
1995-08-01,1.398069,1990,14.335098161405702
1995-09-01,1.566794,1990,12.068431529488176
1995-10-01,1.616761,1990,3.1891237775993453
1995-11-01,1.802234,1990,11.471887310493024
1995-12-01,1.479748,1990,-17.893680842776238
1996-01-01,1.715647,1990,15.941836042353152
1996-02-01,1.783177,1990,3.9361243892245934
1996-03-01,1.921497,1990,7.756941683298968
1996-04-01,1.931025,1990,0.4958633815197233
1996-05-01,1.839466,1990,-4.741471498297534
1996-06-01,1.741527,1990,-5.324316948505703
1996-07-01,1.855392,1990,6.538227658830431
1996-08-01,1.954701,1990,5.352453821079317
1996-09-01,2.104617,1990,7.669510579878969
1996-10-01,2.141606,1990,1.757516925882463
1996-11-01,1.856011,1990,-13.3355528514582
1996-12-01,1.824765,1990,-1.683502953376903
1997-01-01,1.765621,1990,-3.241184481289361
1997-02-01,1.817979,1990,2.965415567667118
1997-03-01,1.784457,1990,-1.8439156887950836
1997-04-01,1.917767,1990,7.470619914069099
1997-05-01,1.982243,1990,3.362035116883333
1997-06-01,2.019573,1990,1.8832201702818407
1997-07-01,1.953914,1990,-3.251132788960831
1997-08-01,2.09584,1990,7.2636769069672535
1997-09-01,2.177891,1990,3.9149457973891133
1997-10-01,2.238921,1990,2.8022522706600217
1997-11-01,2.225626,1990,-0.5938128232304662
1997-12-01,2.261597,1990,1.616219436688815
1998-01-01,2.377544,1990,5.126775459995736
1998-02-01,2.363436,1990,-0.5933854431295349
1998-03-01,2.338199,1990,-1.067809748180204
1998-04-01,2.200361,1990,-5.895049993606182
1998-05-01,2.214567,1990,0.6456213321359705
1998-06-01,2.043,1990,-7.747202952089505
1998-07-01,1.9787,1990,-3.1473323543808274
1998-08-01,2.0287,1990,2.526911608631943
1998-09-01,1.9104,1990,-5.831320550105978
1998-10-01,1.8387,1990,-3.753140703517588
1998-11-01,1.8761,1990,2.0340457932234823
1998-12-01,1.726,1990,-8.00063962475348
1999-01-01,1.7988,1990,4.217844727694087
1999-02-01,1.5386,1990,-14.46519902156993
1999-03-01,1.4709,1990,-4.400103990640836
1999-04-01,1.4741,1990,0.21755387857773645
1999-05-01,1.458,1990,-1.0921918458720592
1999-06-01,1.4434,1990,-1.001371742112478
1999-07-01,1.6031,1990,11.064154080642918
1999-08-01,1.678,1990,4.672197617116836
1999-09-01,1.8387,1990,9.576877234803337
1999-10-01,1.8664,1990,1.506499157013108
1999-11-01,1.8396,1990,-1.4359194170595835
1999-12-01,1.7823,1990,-3.1148075668623543
2000-01-01,1.8273,2000,2.5248274701228812
2000-02-01,1.808,2000,-1.0562031412466366
2000-03-01,1.8245,2000,0.9126106194690342
2000-04-01,1.8111,2000,-0.7344477939161487
2000-05-01,1.7102,2000,-5.571199823311801
2000-06-01,1.5749,2000,-7.911355397029585
2000-07-01,1.6748,2000,6.343259889516806
2000-08-01,1.7564,2000,4.872223549080479
2000-09-01,1.8756,2000,6.786608972899111
2000-10-01,1.9144,2000,2.0686713584986194
2000-11-01,1.8724,2000,-2.1938988717091545
2000-12-01,1.8705,2000,-0.10147404400768778
2001-01-01,1.8511,2000,-1.0371558406843118
2001-02-01,1.7851,2000,-3.56544757171412
2001-03-01,1.7584,2000,-1.4957145257968762
2001-04-01,1.6529,2000,-5.999772520473156
2001-05-01,1.4877,2000,-9.994555024502393
2001-06-01,1.4448,2000,-2.883645896350062
2001-07-01,1.4357,2000,-0.6298449612403223
2001-08-01,1.518,2000,5.732395347217389
2001-09-01,1.5812,2000,4.1633728590250385
2001-10-01,1.6074,2000,1.6569693903364602
2001-11-01,1.6679,2000,3.763842229687686
2001-12-01,1.6091,2000,-3.525391210504225
2002-01-01,1.6557,2000,2.896028835995268
2002-02-01,1.7024,2000,2.8205592800628176
2002-03-01,1.7,2000,-0.14097744360902498
2002-04-01,1.5977,2000,-6.017647058823528
2002-05-01,1.4779,2000,-7.498278775740119
2002-06-01,1.4256,2000,-3.5388050612355393
2002-07-01,1.3913,2000,-2.4060044893378207
2002-08-01,1.5012,2000,7.899087184647469
2002-09-01,1.6097,2000,7.227551292299483
2002-10-01,1.6113,2000,0.09939740324285129
2002-11-01,1.5367,2000,-4.629802023211072
2002-12-01,1.5347,2000,-0.13014902062862266
2003-01-01,1.59268,2000,3.7779370561021874
2003-02-01,1.48862,2000,-6.533641409448232
2003-03-01,1.465689,2000,-1.5404199862960377
2003-04-01,1.433609,2000,-2.18873171593702
2003-05-01,1.444441,2000,0.7555756137133773
2003-06-01,1.431108,2000,-0.923056047287496
2003-07-01,1.4943,2000,4.415599661241498
2003-08-01,1.5542,2000,4.008565883691362
2003-09-01,1.610164,2000,3.6008235748294926
2003-10-01,1.675595,2000,4.063623332778521
2003-11-01,1.672971,2000,-0.15660108797173056
2003-12-01,1.629681,2000,-2.5876120984763107
2004-01-01,1.64071516848,2000,0.677075358919943
2004-02-01,1.66252477272,2000,1.3292742493631549
2004-03-01,1.72020568011,2000,3.469476565791574
2004-04-01,1.72282557679,2000,0.15230136199948507
2004-05-01,1.71572338035,2000,-0.41224117726607057
2004-06-01,1.53227607219,2000,-10.692126146965354
2004-07-01,1.62971663486,2000,6.359204091122672
2004-08-01,1.81812905379,2000,11.561053921879205
2004-09-01,1.88855828081,2000,3.8737199030611347
2004-10-01,1.99650553739,2000,5.715855193714292
2004-11-01,2.03555739551,2000,1.9560105087938817
2004-12-01,2.00850073225,2000,-1.3292016879347779
2005-01-01,1.95258635397,2000,-2.7838863776446066
2005-02-01,1.91113187723,2000,-2.123054719486006
2005-03-01,1.94135333809,2000,1.581338327305959
2005-04-01,1.88550020958,2000,-2.8770202422270685
2005-05-01,1.76026437012,2000,-6.642048556859958
2005-06-01,1.64917395044,2000,-6.3110076853073345
2005-07-01,1.64326527438,2000,-0.3582809477692517
2005-08-01,1.75583259905,2000,6.850222324114497
2005-09-01,1.88531809673,2000,7.374592415590109
2005-10-01,1.96175377912,2000,4.054259200215293
2005-11-01,1.87771255653,2000,-4.283984233113037
2005-12-01,1.89113930006,2000,0.7150585153891997
2006-01-01,1.89495973453,2000,0.20201761286853248
2006-02-01,1.94633285956,2000,2.7110404561045742
2006-03-01,1.9403188578,2000,-0.30899143126832396
2006-04-01,1.88808507309,2000,-2.6920206696967486
2006-05-01,1.7460009102,2000,-7.5253051313767365
2006-06-01,1.74106319921,2000,-0.28280116929804144
2006-07-01,1.83263203015,2000,5.259362841139192
2006-08-01,1.89781232897,2000,3.5566495481727856
2006-09-01,1.99604264885,2000,5.175976485162392
2006-10-01,1.98287255601,2000,-0.6598101923116606
2006-11-01,1.92753785838,2000,-2.7906330874509777
2006-12-01,2.12296761576,2000,10.138828481649064
2007-01-01,2.09345272302,2000,-1.3902658015550573
2007-02-01,2.27756880734,2000,8.794852747111248
2007-03-01,2.42113553127,2000,6.3035076467206075
2007-04-01,2.34303556928,2000,-3.2257575415050366
2007-05-01,2.27678142123,2000,-2.8277056020263314
2007-06-01,2.31339900297,2000,1.6083046619476349
2007-07-01,2.4856505459,2000,7.445820747258014
2007-08-01,2.54607041236,2000,2.4307466131818334
2007-09-01,2.60806537567,2000,2.4349272906610375
2007-10-01,2.90050722694,2000,11.212980088540657
2007-11-01,2.91316303297,2000,0.43633078767921774
2007-12-01,3.08663577527,2000,5.954790045620717
2008-01-01,3.05267028729,2000,-1.1004047919139115
2008-02-01,3.04256443001,2000,-0.33104974756285044
2008-03-01,3.06109700108,2000,0.6091102258083847
2008-04-01,2.91624925794,2000,-4.731890008349793
2008-05-01,2.93651906909,2000,0.6950644254708926
2008-06-01,3.10126106773,2000,5.61011165819032
2008-07-01,3.12036180262,2000,0.6159021918132668
2008-08-01,2.99641936841,2000,-3.9720533082392095
2008-09-01,2.98045665267,2000,-0.5327263569408158
2008-10-01,2.36712246885,2000,-20.578530584249677
2008-11-01,1.97986455161,2000,-16.359859801767595
2008-12-01,1.9164806479,2000,-3.2014262621378298
2009-01-01,2.45943677322,2000,28.330895274885705
2009-02-01,2.54270987133,2000,3.3858604952456295
2009-03-01,2.8473854739,2000,11.982318785376611
2009-04-01,2.87293988209,2000,0.897469219543301
2009-05-01,2.96466765651,2000,3.1928191394408945
2009-06-01,3.13644330803,2000,5.794094698702712
2009-07-01,3.46032776556,2000,10.32648850055038
2009-08-01,3.45763709385,2000,-0.07775771234100892
2009-09-01,3.76446018223,2000,8.873779406339022
2009-10-01,3.52390338996,2000,-6.390206845739521
2009-11-01,3.34950667805,2000,-4.948964049550164
2009-12-01,3.26709531022,2000,-2.460403150411916
2010-01-01,3.41052368679,2010,4.390088532811776
2010-02-01,3.32142005883,2010,-2.612608389295923
2010-03-01,3.32195930053,2010,0.016235275588427633
2010-04-01,3.26639387447,2010,-1.672670283803146
2010-05-01,3.21856280846,2010,-1.4643385901450867
2010-06-01,3.00076145372,2010,-6.767037578620771
2010-07-01,3.04464464252,2010,1.4624017762424613
2010-08-01,3.26955247269,2010,7.386997714907295
2010-09-01,3.34880855073,2010,2.4240650273091413
2010-10-01,3.37241399687,2010,0.7048908823066302
2010-11-01,3.39794202704,2010,0.7569660840481829
2010-12-01,3.50276276276,2010,3.084830020225837
2011-01-01,3.55880235112,2010,1.599868222758083
2011-02-01,3.55939696316,2010,0.016708206338367226
2011-03-01,3.57092333587,2010,0.3238293685503102
2011-04-01,3.37234500539,2010,-5.5609799427861155
2011-05-01,3.10029597924,2010,-8.067057958636658
2011-06-01,3.11777169792,2010,0.5636790421630566
2011-07-01,3.09573985429,2010,-0.7066535258081319
2011-08-01,3.15671145664,2010,1.969532493678594
2011-09-01,3.13785456326,2010,-0.5973587905963251
2011-10-01,3.23417891394,2010,3.0697519192835365
2011-11-01,3.15501105003,2010,-2.4478504750856445
2011-12-01,3.11060536733,2010,-1.4074652036346502
2012-01-01,3.05757403868,2010,-1.7048555630674422
2012-02-01,2.96994962524,2010,-2.8658149346999506
2012-03-01,2.75423358245,2010,-7.26328961800381
2012-04-01,3.20417831324,2010,16.336476820885903
2012-05-01,3.02418604651,2010,-5.617423536831668
2012-06-01,2.91231787357,2010,-3.699116761321586
2012-07-01,2.98983723063,2010,2.661775274035394
2012-08-01,3.06582246362,2010,2.54145049140313
2012-09-01,3.18797649226,2010,3.9843803771913544
2012-10-01,3.15898193463,2010,-0.9094972218394615
2012-11-01,3.11612345158,2010,-1.3567182065895467
2012-12-01,3.31013641601,2010,6.226100070959251
2013-01-01,3.33770742452,2010,0.8329266545223923
2013-02-01,3.33160514514,2010,-0.18282846888166837
2013-03-01,3.48250233346,2010,4.529263875706335
2013-04-01,3.39119915918,2010,-2.6217692204469123
2013-05-01,3.29168896974,2010,-2.93436583252934
2013-06-01,3.17273419352,2010,-3.6137915007624755
2013-07-01,3.17334128424,2010,0.019134622788130606
2013-08-01,3.36037372753,2010,5.893864748140154
2013-09-01,3.59112423802,2010,6.86681093235455
2013-10-01,3.7745898512,2010,5.108862880253784
2013-11-01,3.72303055611,2010,-1.3659575509537447
2013-12-01,3.80675806449,2010,2.2489073650655778
2014-01-01,3.89903534357,2010,2.4240384473280807
2014-02-01,3.6535768878,2010,-6.2953637025833125
2014-03-01,3.59373803874,2010,-1.637815513334706
2014-04-01,3.54786053276,2010,-1.276595719705964
2014-05-01,3.66513990034,2010,3.305636354559982
2014-06-01,3.57636224098,2010,-2.422217480750577
2014-07-01,3.50965067179,2010,-1.865347095592862
2014-08-01,3.48655913978,2010,-0.6579438858575148
2014-09-01,3.36786920479,2010,-3.4042140182222624
2014-10-01,3.42273249139,2010,1.6290207031190551
2014-11-01,3.332729146,2010,-2.629575802853612
2014-12-01,3.36962734339,2010,1.1071465988853557
2015-01-01,3.24,2010,-3.846934102202193
2015-02-01,3.11,2010,-4.012345679012352
2015-03-01,3.08,2010,-0.9646302250803762
2015-04-01,3.01,2010,-2.272727272727282
2015-05-01,2.97,2010,-1.3289036544850363
2015-06-01,3.01,2010,1.3468013468013407
2015-07-01,3.04,2010,0.996677740863805
2015-08-01,2.91,2010,-4.276315789473683
2015-09-01,2.65,2010,-8.934707903780081
2015-10-01,2.81,2010,6.037735849056602
2015-11-01,2.92,2010,3.9145907473309594
2015-12-01,2.95,2010,1.0273972602739878
2016-01-01,2.85,2010,-3.3898305084745783
2016-02-01,2.83,2010,-0.7017543859649145
2016-03-01,2.87,2010,1.4134275618374659
2016-04-01,2.99,2010,4.181184668989557
2016-05-01,3.08,2010,3.0100334448160515
2016-06-01,2.96,2010,-3.8961038961038974
2016-07-01,3.18,2010,7.432432432432434
2016-08-01,3.46,2010,8.805031446540879
2016-09-01,3.6,2010,4.046242774566489
2016-10-01,3.88,2010,7.777777777777772
2016-11-01,4.01,2010,3.350515463917514
2016-12-01,3.91,2010,-2.4937655860349017
2017-01-01,3.95,2010,1.0230179028132946
2017-02-01,3.97,2010,0.5063291139240533
2017-03-01,4.01,2010,1.0075566750629594
2017-04-01,4.05,2010,0.9975062344139696
2017-05-01,4.02,2010,-0.7407407407407418
2017-06-01,3.95,2010,-1.741293532338295
2017-07-01,3.86,2010,-2.27848101265824
2017-08-01,4.13,2010,6.994818652849744
2017-09-01,4.27,2010,3.3898305084745672
2017-10-01,4.19,2010,-1.8735362997657878
2017-11-01,4.11,2010,-1.9093078758949944
2017-12-01,4.11,2010,0.0
2018-01-01,4.16,2010,1.2165450121654375
2018-02-01,4.1,2010,-1.4423076923077094
2018-03-01,3.95,2010,-3.658536585365846
2018-04-01,3.88,2010,-1.7721518987341867
2018-05-01,3.76,2010,-3.0927835051546393
2018-06-01,3.39,2010,-9.840425531914887
2018-07-01,3.41,2010,0.5899705014749346
2018-08-01,3.34,2010,-2.052785923753675
2018-09-01,3.25,2010,-2.6946107784431073
2018-10-01,3.48,2010,7.0769230769230695
2018-11-01,3.36,2010,-3.4482758620689724
2018-12-01,3.18,2010,-5.357142857142849
2019-01-01,3.23,2010,1.5723270440251458
2019-02-01,3.27,2010,1.238390092879249
2019-03-01,3.38,2010,3.3639143730886722
2019-04-01,3.34,2010,-1.183431952662728
2019-05-01,3.09,2010,-7.485029940119759
2019-06-01,2.78,2010,-10.032362459546928
2019-07-01,2.84,2010,2.158273381294973
2019-08-01,3.06,2010,7.7464788732394485
2019-09-01,2.88,2010,-5.882352941176472
2019-10-01,2.94,2010,2.083333333333326
2019-11-01,3.19,2010,8.503401360544217
2019-12-01,3.21,2010,0.6269592476489061
2020-01-01,3.27,2020,1.869158878504673
2020-02-01,3.35,2020,2.4464831804281273
2020-03-01,3.08,2020,-8.059701492537318
2020-04-01,3.66,2020,18.831168831168842
2020-05-01,3.76,2020,2.7322404371584508
2020-06-01,3.3,2020,-12.234042553191493
2020-07-01,3.32,2020,0.60606060606061
2020-08-01,3.37,2020,1.506024096385561
2020-09-01,3.35,2020,-0.5934718100890191
2020-10-01,3.51,2020,4.776119402985057
2020-11-01,3.47,2020,-1.1396011396011319
2020-12-01,3.41,2020,-1.729106628242072
2021-01-01,3.39,2020,-0.5865102639296182
2021-02-01,3.32,2020,-2.064896755162249
2021-03-01,3.27,2020,-1.5060240963855387
2021-04-01,3.21,2020,-1.834862385321101
2021-05-01,3.08,2020,-4.049844236760125
2021-06-01,2.93,2020,-4.870129870129869
2021-07-01,2.99,2020,2.0477815699658786
2021-08-01,2.99,2020,0.0
2021-09-01,2.98,2020,-0.33444816053512794
2021-10-01,3.05,2020,2.348993288590595
2021-11-01,3.11,2020,1.967213114754096
2021-12-01,3.19,2020,2.5723472668810254
2022-01-01,3.51,2020,10.03134796238243
2022-02-01,3.61,2020,2.8490028490028463
2022-03-01,3.35,2020,-7.202216066481992
2022-04-01,4.09,2020,22.089552238805954
2022-05-01,3.71,2020,-9.290953545232272
2022-06-01,3.51,2020,-5.39083557951483
2022-07-01,4.01,2020,14.245014245014254
2022-08-01,4.21,2020,4.987531172069826
2022-09-01,4.49,2020,6.65083135391924
2022-10-01,4.15,2020,-7.572383073496658
2022-11-01,3.8,2020,-8.433734939759052
2022-12-01,4.04,2020,6.315789473684208
2023-01-01,4.04,2020,0.0
2023-02-01,3.96,2020,-1.980198019801982
2023-03-01,3.82,2020,-3.535353535353536
2023-04-01,3.9,2020,2.0942408376963373
2023-05-01,3.43,2020,-12.051282051282042
2023-06-01,3.2340862423,2020,-5.711771361516038
2023-07-01,2.47523418653,2020,-23.46418737523598
2023-08-01,3.57854468882,2020,44.57398448575558
2023-09-01,3.63546132339,2020,1.590496682850362
2023-10-01,3.49014314802,2020,-3.997241682507946
2023-11-01,3.42768241654,2020,-1.7896323683867954
2023-12-01,3.6698974532,2020,7.066437529078273
2024-01-01,4.00845378204,2020,9.22522585868968
2024-02-01,4.27276008084,2020,6.5937219978494666
2024-03-01,4.33353850699,2020,1.4224628811372764
2024-04-01,4.11638954869,2020,-5.010892552350432
2024-05-01,4.28304847109,2020,4.04866741664518
2024-06-01,4.15887542797,2020,-2.8991743604619757
2024-07-01,4.09737163209,2020,-1.4788564107105495
2024-08-01,4.02134126033,2020,-1.8555888649333552
2024-09-01,4.09472354291,2020,1.824821069127025
2024-10-01,4.05631948707,2020,-0.9378912993160848
2024-11-01,3.95781191072,2020,-2.4284964895887606
2024-12-01,4.11223125193,2020,3.9016341527434717
2025-01-01,4.08026995979,2020,-0.7772250678995674
2025-02-01,4.00383668376,2020,-1.87324066258433
2025-03-01,4.07260218398,2020,1.71749013886906
2025-04-01,3.96196944826,2020,-2.716512213129607
2025-05-01,3.89069340017,2020,-1.7990054951408818
2025-06-01,3.74183540715,2020,-3.826001632857934
2025-07-01,3.79900352089,2020,1.527809417559145
2025-08-01,3.97763336985,2020,4.702018515585693
2025-09-01,4.00848316281,2020,0.775581610759768
2025-10-01,3.93558530305,2020,-1.8185896459871342
2025-11-01,3.96468137255,2020,0.7393073014438478
2025-12-01,3.95011011076,2020,-0.3675266792152909
